-- 집컴에 오라클로 계정 생성할 때 참고합시다. 
-- 다음 사항은 시작프로그램>...>run Sql commandLine에 적으세요
-- 관리자로 로그인
conn system/{암호}
-- 오라클에 계정 생성하기
create user team2 identified by team2;
-- 권한 부여하기
grant resource, connect to team2;
grant DBA to team2;

--참조: warms.tistory.com

-- 쿼리문 작성하기
/* 기존 정보들 DROP */

DROP VIEW USER_VIEW;
DROP VIEW CITY_VIEWS_VIEW;
DROP VIEW DESTINATION_VIEWS_VIEW;
DROP VIEW PLAN_VIEWS_VIEW;

DROP TABLE DB_DESTINATION_CATEGORY CASCADE CONSTRAINTS;
DROP TABLE DB_CATEGORY_CODE CASCADE CONSTRAINTS;
DROP TABLE DB_CITY_IMG CASCADE CONSTRAINTS;
DROP TABLE DB_CLIPBOARD CASCADE CONSTRAINTS;
DROP TABLE DB_DESTINATION_IMG CASCADE CONSTRAINTS;
DROP TABLE DB_PLAN_DETAILS CASCADE CONSTRAINTS;
DROP TABLE DB_REVIEW CASCADE CONSTRAINTS;
DROP TABLE DB_VIEWS_DESTINATION CASCADE CONSTRAINTS;
DROP TABLE DB_DESTINATION CASCADE CONSTRAINTS;
DROP TABLE DB_CITY CASCADE CONSTRAINTS;
DROP TABLE DB_MESSAGE CASCADE CONSTRAINTS;
DROP TABLE DB_PLAN_COMMENTS CASCADE CONSTRAINTS;
DROP TABLE DB_VIEWS_PLAN CASCADE CONSTRAINTS;
DROP TABLE DB_PLAN CASCADE CONSTRAINTS;
DROP TABLE DB_STATE_CODE CASCADE CONSTRAINTS;
DROP TABLE DB_USER CASCADE CONSTRAINTS;

DROP SEQUENCE MEMO_SEQ;
DROP SEQUENCE DEST_SEQ;
DROP SEQUENCE PLAN_SEQ;
DROP SEQUENCE USER_SEQ;
 
 
 
/* Create Tables */
 
-- 카테고리 코드
CREATE TABLE DB_CATEGORY_CODE
(
	-- 코드
	CODE number(4,0) NOT NULL,
	-- 이름
	NAME varchar2(50) NOT NULL UNIQUE,
	PRIMARY KEY (CODE)
);
 
 
-- 도시
/*
    0100,'서울'
    0200,'대전'
    0300,'대구'
    0400,'부산'
    0500,'인천'
    0600,'광주'
    0700,'울산'
    0800,'제주'
    
    강원도(09)
    0901,'강릉'
    0902,'고성'
    0903,'동해'
    0904,'삼척'
    0905,'속초'
    0906,'양구'
    0907,'양양'
    0908,'영월'
    0909,'원주'
    0910,'인제'
    0911,'정선'
    0912,'철원'
    0913,'춘천'
    0914,'태백'
    0915,'평창'
    0916,'홍천'
    0917,'화천'
    0918,'횡성'
    
    경기도(10)
    1001,'가평'
    1002,'고양'
    1003,'과천'
    1004,'광명'
    1005,'광주'
    1006,'구리'
    1007,'군포'
    1008,'김포'
    1009,'남양주'
    1010,'동두천'
    1011,'부천'
    1012,'성남'
    1013,'수원'
    1014,'시흥'
    1015,'안산'
    1016,'안성'
    1017,'안양'
    1018,'양주'
    1019,'양평'
    1020,'여주'
    1021,'연천'
    1022,'오산'
    1023,'용인'
    1024,'의왕'
    1025,'의정부'
    1026,'이천'
    1027,'파주'
    1028,'평택'
    1029,'포천'
    1030,'하남'
    1031,'화성'
    
    경상남도(11)
    1101,'거제'
    1102,'거창'
    1103,'고성'
    1104,'김해'
    1105,'남해'
    1106,'마산'
    1107,'밀양'
    1108,'사천'
    1109,'산청'
    1110,'양산'
    1111,'의령'
    1112,'진주'
    1113,'진해'
    1114,'창녕'
    1115,'창원'
    1116,'통영'
    1117,'하동'
    1118,'함안'
    1119,'함양'
    1120,'합천'
    
    경상북도(12)
    1201,'경산'
    1202,'경주'
    1203,'고령'
    1204,'구미'
    1205,'군위'
    1206,'김천'
    1207,'문경'
    1208,'봉화'
    1209,'상주'
    1210,'성주'
    1211,'안동'
    1212,'영덕'
    1213,'영양'
    1214,'영주'
    1215,'영천'
    1216,'예천'
    1217,'울릉'
    1218,'울진'
    1219,'의성'
    1220,'청도'
    1221,'청송'
    1222,'칠곡'
    1223,'포항'
    
    전라남도(13)
    1301,'강진'
    1302,'고흥'
    1303,'곡성'
    1304,'광양'
    1305,'구례'
    1306,'나주'
    1307,'담양'
    1308,'목포'
    1309,'무안'
    1310,'보성'
    1311,'순천'
    1312,'신안'
    1313,'여수'
    1314,'영광'
    1315,'영암'
    1316,'완도'
    1317,'장성'
    1318,'장흥'
    1319,'진도'
    1320,'함평'
    1321,'해남'
    1322,'화순'
    
    전라북도(14)
    1401,'고창'
    1402,'군산'
    1403,'김제'
    1404,'남원'
    1405,'무주'
    1406,'부안'
    1407,'순창'
    1408,'완주'
    1409,'익산'
    1410,'임실'
    1411,'장수'
    1412,'전주'
    1413,'정읍'
    1414,'진안'
    
    충청남도(15)
    1501,'공주'
    1502,'금산'
    1503,'논산'
    1504,'당진'
    1505,'보령'
    1506,'부여'
    1507,'서산'
    1508,'서천'
    1509,'아산'
    1510,'예산'
    1511,'천안'
    1512,'청양'
    1513,'태안'
    1514,'홍성'
    
    충청북도(16)
    1601,'계룡'
    1602,'괴산'
    1603,'단양'
    1604,'보은'
    1605,'영동'
    1606,'옥천'
    1607,'음성'
    1608,'제천'
    1609,'진천'
    1610,'청원'
    1611,'청주'
    1612,'충주'
    1613,'증평'
*/
CREATE TABLE DB_CITY
(
	-- 번호
	NO number(8) NOT NULL,
	-- 이름
	NAME varchar2(200),
	-- 위도
	LAT varchar2(100),
	-- 경도
	LNG varchar2(100),
	-- 시도 코드
	STATE_CODE number(4,0) NOT NULL,
	PRIMARY KEY (NO)
);
 
 
-- 도시 사진
CREATE TABLE DB_CITY_IMG
(
	-- 도시 번호
	CITY_NO number(8) NOT NULL,
	-- 파일명
	FILENAME varchar2(250),
	UNIQUE (CITY_NO, FILENAME)
);
 
 
-- 클립보드
CREATE TABLE DB_CLIPBOARD
(
	-- 사용자 번호
	USER_NO number(8) NOT NULL,
	-- 여행지 번호
	DEST_NO number(8) NOT NULL,
	UNIQUE (USER_NO, DEST_NO)
);
 
 
-- 여행지
CREATE TABLE DB_DESTINATION
(
	-- 번호
	NO number(8) NOT NULL,
	-- 도시 번호
	CITY_NO number(8) NOT NULL,
	-- 주소
	ADDRESS varchar2(500),
	-- 위도
	LAT varchar2(100) NOT NULL,
	-- 경도
	LNG varchar2(100) NOT NULL,
	-- 이름
	NAME varchar2(300) NOT NULL,
	-- 설명
	DETAILS varchar2(4000),
	-- 경로
	ROUTE varchar2(1000),
	-- 연락처
	CONTACT varchar2(100),
	-- 영업시간
	OPENTIME varchar2(1000),
	-- 웹사이트
	SITE varchar2(300),
	PRIMARY KEY (NO)
);
 
 
-- 여행지 카테고리
CREATE TABLE DB_DESTINATION_CATEGORY
(
	-- 여행지 번호
	DEST_NO number(8) NOT NULL,
	-- 카테고리_코드
	CATE_CODE number(4,0) NOT NULL,
	UNIQUE (DEST_NO, CATE_CODE)
);
 
 
-- 여행지 사진
CREATE TABLE DB_DESTINATION_IMG
(
	-- 여행지 번호
	DEST_NO number(8) NOT NULL,
	-- 파일명
	FILENAME varchar2(250),
	UNIQUE (DEST_NO, FILENAME)
);
 
 
-- 메시지
CREATE TABLE DB_MESSAGE
(
	-- 번호
	NO number(8) NOT NULL,
	-- 사용자 번호
	USER_NO number(8) NOT NULL,
	-- 보낸 시간
	SEND_TIME char(14) NOT NULL,
	-- 내용
	DATA varchar2(500),
	PRIMARY KEY (NO)
);
 
 
-- 일정
CREATE TABLE DB_PLAN
(
	-- 번호
	NO number(8) NOT NULL,
	-- 완성여부
	IS_COMPLETED char(1) DEFAULT 'F' CHECK(IS_COMPLETED IN ('T', 'F')),
	-- 사용자 번호
	USER_NO number(8) NOT NULL,
	-- 출발일
	LEAVE_DATE char(14),
	-- 여행기간
	PERIOD number(4,0),
	-- 제목
	TITLE varchar2(600),
	-- 테마 코드
    /*
        테마 코드
        1: 친구와 함께
        2: 커플 여행
        3: 단체 여행
        4: 나홀로 여행
        5: 비즈니스 여행
        6: 가족 여행
    */
	THEME_CODE number(2,0) CHECK(THEME_CODE IN (1, 2, 3, 4, 5, 6)),
	-- 복사 횟수
	COPY_COUNT number(8) DEFAULT 0 CHECK(COPY_COUNT>= 0),
	PRIMARY KEY (NO)
);
 
 
-- 일정 덧글
CREATE TABLE DB_PLAN_COMMENTS
(
	-- 번호
	NO number(8) NOT NULL,
	-- 일정 번호
	PLAN_NO number(8) NOT NULL,
	-- 작성자 번호
	USER_NO number(8) NOT NULL,
	-- 작성일
	REG_DATE char(14) NOT NULL,
	-- 내용
	DATA varchar2(4000),
	PRIMARY KEY (NO)
);
 
 
-- 일정 상세
CREATE TABLE DB_PLAN_DETAILS
(
	-- 번호
	NO number(8) NOT NULL,
	-- 일정 번호
	PLAN_NO number(8) NOT NULL,
	-- 여행지 번호
	DEST_NO number(8) NOT NULL,
	-- 날짜
	DAY number(4) DEFAULT 1 CHECK(DAY>=1),
	-- 순서
	NUMBERING number(3,0),
	-- 예산
	BUDGET number(10,0) DEFAULT 0 CHECK(BUDGET>= 0),
	-- 메모
	MEMO varchar2(4000),
	PRIMARY KEY (NO)
);
 
 
-- 리뷰
CREATE TABLE DB_REVIEW
(
	-- 번호
	NO number(8) NOT NULL,
	-- 여행지 번호
	DEST_NO number(8) NOT NULL,
	-- 사용자 번호
	USER_NO number(8) NOT NULL,
	-- 작성일
	REG_DATE char(14) NOT NULL,
	-- 평가
    /*
        평가
        'G': GOOD(좋아요)
        'A': Average(괜찮아요)
        'P': Poor(별로에요)
    */
	RATING char(1) NOT NULL CHECK(RATING IN ('G', 'A', 'P')),
	-- 내용
	DATA varchar2(4000),
	PRIMARY KEY (NO)
);
 
 
-- 시도 코드
/*
    01, '서울'
    02, '대전'
    03, '대구'
    04, '부산'
    05, '인천'
    06, '광주'
    07, '인천'
    08, '제주'
    09, '강원도'
    10, '경기도'
    11, '경상남도'
    12, '경상북도'
    13, '전라남도'
    14, '전라북도'
    15, '충청남도'
    16, '충청북도'
*/
CREATE TABLE DB_STATE_CODE
(
	-- 코드
	CODE number(4,0) NOT NULL,
	-- 이름
	NAME varchar2(50) NOT NULL UNIQUE,
	PRIMARY KEY (CODE)
);
 
 
 
-- 사용자
CREATE TABLE DB_USER
(
	-- 번호
	NO number(8) NOT NULL,
	-- 이름
	NAME varchar2(200) NOT NULL,
	-- 이메일
	EMAIL varchar2(200) NOT NULL UNIQUE,
	-- 비밀번호
	PASSWORD char(64) NOT NULL,
	-- 성별
    /*
        'M': 남자
        'F': 여자
    */
	GENDER char(1) NOT NULL CHECK(GENDER IN ('M', 'F')),
	-- 가입일
	REG_DATE char(14) NOT NULL,
	-- 탈퇴여부
    /*
        'T': 탈퇴회원(이 회원의 정보는 출력하면 안됨)
        'F': 그냥 회원
    */
	IS_DROPPED char(1) DEFAULT 'F' CHECK(IS_DROPPED IN ('T', 'F')),
	-- 포인트
	POINT number(8) DEFAULT 0 CHECK(POINT>= 0),
	PRIMARY KEY (NO)
);
 
 
-- 여행지 조회
CREATE TABLE DB_VIEWS_DESTINATION
(
	-- 글 번호
	DATA_NO number(8) NOT NULL,
	-- 사용자 번호
	USER_NO number(8) NOT NULL
);
 
 
-- 일정 조회
CREATE TABLE DB_VIEWS_PLAN
(
	-- 글 번호
	DATA_NO number(8) NOT NULL,
	-- 사용자 번호
	USER_NO number(8) NOT NULL
);
 
 
 
/* Create Foreign Keys */
 
ALTER TABLE DB_DESTINATION_CATEGORY
	ADD FOREIGN KEY (CATE_CODE)
	REFERENCES DB_CATEGORY_CODE (CODE)
;
 
 
ALTER TABLE DB_CITY_IMG
	ADD FOREIGN KEY (CITY_NO)
	REFERENCES DB_CITY (NO)
;
 
 
ALTER TABLE DB_DESTINATION
	ADD FOREIGN KEY (CITY_NO)
	REFERENCES DB_CITY (NO)
;
 
 
ALTER TABLE DB_CLIPBOARD
	ADD FOREIGN KEY (DEST_NO)
	REFERENCES DB_DESTINATION (NO)
;
 
 
ALTER TABLE DB_DESTINATION_CATEGORY
	ADD FOREIGN KEY (DEST_NO)
	REFERENCES DB_DESTINATION (NO)
;
 
 
ALTER TABLE DB_DESTINATION_IMG
	ADD FOREIGN KEY (DEST_NO)
	REFERENCES DB_DESTINATION (NO)
;
 
 
ALTER TABLE DB_PLAN_DETAILS
	ADD FOREIGN KEY (DEST_NO)
	REFERENCES DB_DESTINATION (NO)
;
 
 
ALTER TABLE DB_REVIEW
	ADD FOREIGN KEY (DEST_NO)
	REFERENCES DB_DESTINATION (NO)
;
 
 
ALTER TABLE DB_VIEWS_DESTINATION
	ADD FOREIGN KEY (DATA_NO)
	REFERENCES DB_DESTINATION (NO)
;
 
 
ALTER TABLE DB_PLAN_COMMENTS
	ADD FOREIGN KEY (PLAN_NO)
	REFERENCES DB_PLAN (NO)
;
 
 
ALTER TABLE DB_PLAN_DETAILS
	ADD FOREIGN KEY (PLAN_NO)
	REFERENCES DB_PLAN (NO)
;
 
 
ALTER TABLE DB_VIEWS_PLAN
	ADD FOREIGN KEY (DATA_NO)
	REFERENCES DB_PLAN (NO)
;
 
 
ALTER TABLE DB_CITY
	ADD FOREIGN KEY (STATE_CODE)
	REFERENCES DB_STATE_CODE (CODE)
;
 
 
ALTER TABLE DB_CLIPBOARD
	ADD FOREIGN KEY (USER_NO)
	REFERENCES DB_USER (NO)
;
 
 
ALTER TABLE DB_MESSAGE
	ADD FOREIGN KEY (USER_NO)
	REFERENCES DB_USER (NO)
;
 
 
ALTER TABLE DB_PLAN
	ADD FOREIGN KEY (USER_NO)
	REFERENCES DB_USER (NO)
;
 
 
ALTER TABLE DB_PLAN_COMMENTS
	ADD FOREIGN KEY (USER_NO)
	REFERENCES DB_USER (NO)
;
 
 
ALTER TABLE DB_REVIEW
	ADD FOREIGN KEY (USER_NO)
	REFERENCES DB_USER (NO)
;
 
 
ALTER TABLE DB_VIEWS_DESTINATION
	ADD FOREIGN KEY (USER_NO)
	REFERENCES DB_USER (NO)
;
 
 
ALTER TABLE DB_VIEWS_PLAN
	ADD FOREIGN KEY (USER_NO)
	REFERENCES DB_USER (NO)
;
 
 
 
/* Comments */
 
COMMENT ON TABLE DB_CATEGORY_CODE IS '카테고리 코드';
COMMENT ON COLUMN DB_CATEGORY_CODE.CODE IS '코드';
COMMENT ON COLUMN DB_CATEGORY_CODE.NAME IS '이름';
COMMENT ON TABLE DB_CITY IS '도시';
COMMENT ON COLUMN DB_CITY.NO IS '번호';
COMMENT ON COLUMN DB_CITY.NAME IS '이름';
COMMENT ON COLUMN DB_CITY.LAT IS '위도';
COMMENT ON COLUMN DB_CITY.LNG IS '경도';
COMMENT ON COLUMN DB_CITY.STATE_CODE IS '시도 코드';
COMMENT ON TABLE DB_CITY_IMG IS '도시 사진';
COMMENT ON COLUMN DB_CITY_IMG.CITY_NO IS '도시 번호';
COMMENT ON COLUMN DB_CITY_IMG.FILENAME IS '파일명';
COMMENT ON TABLE DB_CLIPBOARD IS '클립보드';
COMMENT ON COLUMN DB_CLIPBOARD.USER_NO IS '사용자 번호';
COMMENT ON COLUMN DB_CLIPBOARD.DEST_NO IS '여행지 번호';
COMMENT ON TABLE DB_DESTINATION IS '여행지';
COMMENT ON COLUMN DB_DESTINATION.NO IS '번호';
COMMENT ON COLUMN DB_DESTINATION.CITY_NO IS '도시 번호';
COMMENT ON COLUMN DB_DESTINATION.ADDRESS IS '주소';
COMMENT ON COLUMN DB_DESTINATION.LAT IS '위도';
COMMENT ON COLUMN DB_DESTINATION.LNG IS '경도';
COMMENT ON COLUMN DB_DESTINATION.NAME IS '이름';
COMMENT ON COLUMN DB_DESTINATION.DETAILS IS '설명';
COMMENT ON COLUMN DB_DESTINATION.ROUTE IS '경로';
COMMENT ON COLUMN DB_DESTINATION.CONTACT IS '연락처';
COMMENT ON COLUMN DB_DESTINATION.OPENTIME IS '영업시간';
COMMENT ON COLUMN DB_DESTINATION.SITE IS '웹사이트';
COMMENT ON TABLE DB_DESTINATION_CATEGORY IS '여행지 카테고리';
COMMENT ON COLUMN DB_DESTINATION_CATEGORY.DEST_NO IS '여행지 번호';
COMMENT ON COLUMN DB_DESTINATION_CATEGORY.CATE_CODE IS '카테고리_코드';
COMMENT ON TABLE DB_DESTINATION_IMG IS '여행지 사진';
COMMENT ON COLUMN DB_DESTINATION_IMG.DEST_NO IS '여행지 번호';
COMMENT ON COLUMN DB_DESTINATION_IMG.FILENAME IS '파일명';
COMMENT ON TABLE DB_MESSAGE IS '메시지';
COMMENT ON COLUMN DB_MESSAGE.NO IS '번호';
COMMENT ON COLUMN DB_MESSAGE.USER_NO IS '사용자 번호';
COMMENT ON COLUMN DB_MESSAGE.SEND_TIME IS '보낸 시간';
COMMENT ON COLUMN DB_MESSAGE.DATA IS '내용';
COMMENT ON TABLE DB_PLAN IS '일정';
COMMENT ON COLUMN DB_PLAN.NO IS '번호';
COMMENT ON COLUMN DB_PLAN.IS_COMPLETED IS '완성여부';
COMMENT ON COLUMN DB_PLAN.USER_NO IS '사용자 번호';
COMMENT ON COLUMN DB_PLAN.LEAVE_DATE IS '출발일';
COMMENT ON COLUMN DB_PLAN.PERIOD IS '여행기간';
COMMENT ON COLUMN DB_PLAN.TITLE IS '제목';
COMMENT ON COLUMN DB_PLAN.THEME_CODE IS '테마 코드';
COMMENT ON COLUMN DB_PLAN.COPY_COUNT IS '복사 횟수';
COMMENT ON TABLE DB_PLAN_COMMENTS IS '일정 덧글';
COMMENT ON COLUMN DB_PLAN_COMMENTS.NO IS '번호';
COMMENT ON COLUMN DB_PLAN_COMMENTS.PLAN_NO IS '일정 번호';
COMMENT ON COLUMN DB_PLAN_COMMENTS.USER_NO IS '작성자 번호';
COMMENT ON COLUMN DB_PLAN_COMMENTS.REG_DATE IS '작성일';
COMMENT ON COLUMN DB_PLAN_COMMENTS.DATA IS '내용';
COMMENT ON TABLE DB_PLAN_DETAILS IS '일정 상세';
COMMENT ON COLUMN DB_PLAN_DETAILS.NO IS '번호';
COMMENT ON COLUMN DB_PLAN_DETAILS.PLAN_NO IS '일정 번호';
COMMENT ON COLUMN DB_PLAN_DETAILS.DEST_NO IS '여행지 번호';
COMMENT ON COLUMN DB_PLAN_DETAILS.DAY IS '날짜';
COMMENT ON COLUMN DB_PLAN_DETAILS.NUMBERING IS '순서';
COMMENT ON COLUMN DB_PLAN_DETAILS.BUDGET IS '예산';
COMMENT ON COLUMN DB_PLAN_DETAILS.MEMO IS '메모';
COMMENT ON TABLE DB_REVIEW IS '리뷰';
COMMENT ON COLUMN DB_REVIEW.NO IS '번호';
COMMENT ON COLUMN DB_REVIEW.DEST_NO IS '여행지 번호';
COMMENT ON COLUMN DB_REVIEW.USER_NO IS '사용자 번호';
COMMENT ON COLUMN DB_REVIEW.REG_DATE IS '작성일';
COMMENT ON COLUMN DB_REVIEW.RATING IS '평가';
COMMENT ON COLUMN DB_REVIEW.DATA IS '내용';
COMMENT ON TABLE DB_STATE_CODE IS '시도 코드';
COMMENT ON COLUMN DB_STATE_CODE.CODE IS '코드';
COMMENT ON COLUMN DB_STATE_CODE.NAME IS '이름';
COMMENT ON TABLE DB_USER IS '사용자';
COMMENT ON COLUMN DB_USER.NO IS '번호';
COMMENT ON COLUMN DB_USER.NAME IS '이름';
COMMENT ON COLUMN DB_USER.EMAIL IS '이메일';
COMMENT ON COLUMN DB_USER.PASSWORD IS '비밀번호';
COMMENT ON COLUMN DB_USER.GENDER IS '성별';
COMMENT ON COLUMN DB_USER.REG_DATE IS '가입일';
COMMENT ON COLUMN DB_USER.IS_DROPPED IS '탈퇴여부';
COMMENT ON COLUMN DB_USER.POINT IS '포인트';
COMMENT ON TABLE DB_VIEWS_DESTINATION IS '여행지 조회';
COMMENT ON COLUMN DB_VIEWS_DESTINATION.DATA_NO IS '글 번호';
COMMENT ON COLUMN DB_VIEWS_DESTINATION.USER_NO IS '사용자 번호';
COMMENT ON TABLE DB_VIEWS_PLAN IS '일정 조회';
COMMENT ON COLUMN DB_VIEWS_PLAN.DATA_NO IS '글 번호';
COMMENT ON COLUMN DB_VIEWS_PLAN.USER_NO IS '사용자 번호';
 
-- 테이블 생성 완료 =========================================

-- VIEW 생성(자주 사용하는 쿼리문을 간단히 할 용도로 사용)
-- USER_VIEW: 탈퇴하지 않은 회원만 보는 VIEW
CREATE OR REPLACE VIEW USER_VIEW
AS (
	SELECT
		NO
		,NAME
		,EMAIL
		,PASSWORD
		,GENDER
		,REG_DATE
		,POINT
	FROM
		DB_USER
	WHERE
		IS_DROPPED = 'F'
);

-- PLAN_VIEWS_VIEW: DB_PLAN의 조회수를 보는 VIEW
/*CREATE OR REPLACE VIEW PLAN_VIEWS_VIEW
AS (
	SELECT
		DATA_NO
		,COUNT(*) as count
	FROM
		DB_VIEWS_PLAN
	GROUP BY
		DATA_NO
);*/
CREATE OR REPLACE VIEW PLAN_VIEWS_VIEW
AS (
	SELECT
		B.NO as data_NO,
		COUNT(A.DATA_NO) as count
	FROM
		DB_VIEWS_PLAN A, DB_PLAN B
	WHERE
    	A.DATA_NO(+) = B.NO
	GROUP BY
		B.NO
);

-- DEST_VIEWS_VIEW: DB_DESTINATION의 조회수를 보는 VIEW
/*CREATE OR REPLACE VIEW DESTINATION_VIEWS_VIEW
AS (
	SELECT
		DATA_NO
		,COUNT(*) as count
	FROM
		DB_VIEWS_DESTINATION
	GROUP BY
		DATA_NO
);*/
CREATE OR REPLACE VIEW DESTINATION_VIEWS_VIEW
AS (
	SELECT
		B.NO as data_NO,
		COUNT(A.DATA_NO) as count
	FROM
		DB_VIEWS_DESTINATION A, DB_DESTINATION B
	WHERE
		A.DATA_NO(+) = B.NO
	GROUP BY
		B.NO
);
-- 뷰 생성 완료 ========================================== 
 
/* 자료 SQL */
-- 시도 코드(STATE_CODE) 넣기
INSERT INTO DB_STATE_CODE(CODE, NAME) VALUES(01, '서울');
INSERT INTO DB_STATE_CODE(CODE, NAME) VALUES(02, '대전');
INSERT INTO DB_STATE_CODE(CODE, NAME) VALUES(03, '대구');
INSERT INTO DB_STATE_CODE(CODE, NAME) VALUES(04, '부산');
INSERT INTO DB_STATE_CODE(CODE, NAME) VALUES(05, '인천');
INSERT INTO DB_STATE_CODE(CODE, NAME) VALUES(06, '광주');
INSERT INTO DB_STATE_CODE(CODE, NAME) VALUES(07, '울산');
INSERT INTO DB_STATE_CODE(CODE, NAME) VALUES(08, '제주');
INSERT INTO DB_STATE_CODE(CODE, NAME) VALUES(09, '강원도');
INSERT INTO DB_STATE_CODE(CODE, NAME) VALUES(10, '경기도');
INSERT INTO DB_STATE_CODE(CODE, NAME) VALUES(11, '경상남도');
INSERT INTO DB_STATE_CODE(CODE, NAME) VALUES(12, '경상북도');
INSERT INTO DB_STATE_CODE(CODE, NAME) VALUES(13, '전라남도');
INSERT INTO DB_STATE_CODE(CODE, NAME) VALUES(14, '전라북도');
INSERT INTO DB_STATE_CODE(CODE, NAME) VALUES(15, '충청남도');
INSERT INTO DB_STATE_CODE(CODE, NAME) VALUES(16, '충청북도');

-- 도시(CITY) 정보 넣기
INSERT INTO DB_CITY(NO, NAME, LAT, LNG, STATE_CODE) VALUES(0100,'서울','37.566535','126.97796919999996',01);
INSERT INTO DB_CITY(NO, NAME, LAT, LNG, STATE_CODE) VALUES(0200,'대전','36.3504119','127.38454750000005',02);
INSERT INTO DB_CITY(NO, NAME, LAT, LNG, STATE_CODE) VALUES(0300,'대구','35.8714354','128.601445',03);
INSERT INTO DB_CITY(NO, NAME, LAT, LNG, STATE_CODE) VALUES(0400,'부산','35.1795543','129.07564160000004',04);
INSERT INTO DB_CITY(NO, NAME, LAT, LNG, STATE_CODE) VALUES(0500,'인천','37.4562557','126.70520620000002',05);
INSERT INTO DB_CITY(NO, NAME, LAT, LNG, STATE_CODE) VALUES(0600,'광주','35.1595454','126.85260119999998',06);
INSERT INTO DB_CITY(NO, NAME, LAT, LNG, STATE_CODE) VALUES(0700,'울산','35.5383773','129.31135960000006',07);
INSERT INTO DB_CITY(NO, NAME, LAT, LNG, STATE_CODE) VALUES(0800,'제주','33.4996213','126.53118840000002',08);
INSERT INTO DB_CITY(NO, NAME, LAT, LNG, STATE_CODE) VALUES(0901,'강릉','37.751853','128.87605740000004',09);
INSERT INTO DB_CITY(NO, NAME, LAT, LNG, STATE_CODE) VALUES(0902,'고성','34.973149','128.32224559999997',09);
INSERT INTO DB_CITY(NO, NAME, LAT, LNG, STATE_CODE) VALUES(0903,'동해','37.5247192','129.11429150000004',09);
INSERT INTO DB_CITY(NO, NAME, LAT, LNG, STATE_CODE) VALUES(0904,'삼척','37.4498683','129.16520590000005',09);
INSERT INTO DB_CITY(NO, NAME, LAT, LNG, STATE_CODE) VALUES(0905,'속초','38.2070148','128.59184879999998',09);
INSERT INTO DB_CITY(NO, NAME, LAT, LNG, STATE_CODE) VALUES(0906,'양구','38.1100701','127.98988250000002',09);
INSERT INTO DB_CITY(NO, NAME, LAT, LNG, STATE_CODE) VALUES(0907,'양양','38.0753925','128.61885029999996',09);
INSERT INTO DB_CITY(NO, NAME, LAT, LNG, STATE_CODE) VALUES(0908,'영월','37.183637','128.4617535',09);
INSERT INTO DB_CITY(NO, NAME, LAT, LNG, STATE_CODE) VALUES(0909,'원주','37.3422186','127.92016209999997',09);
INSERT INTO DB_CITY(NO, NAME, LAT, LNG, STATE_CODE) VALUES(0910,'인제','38.0694675','128.17069909999998',09);
INSERT INTO DB_CITY(NO, NAME, LAT, LNG, STATE_CODE) VALUES(0911,'정선','37.3807549','128.6609505',09);
INSERT INTO DB_CITY(NO, NAME, LAT, LNG, STATE_CODE) VALUES(0912,'철원','38.146609','127.31322560000001',09);
INSERT INTO DB_CITY(NO, NAME, LAT, LNG, STATE_CODE) VALUES(0913,'춘천','37.8813153','127.72997069999997',09);
INSERT INTO DB_CITY(NO, NAME, LAT, LNG, STATE_CODE) VALUES(0914,'태백','37.1640654','128.98556489999999',09);
INSERT INTO DB_CITY(NO, NAME, LAT, LNG, STATE_CODE) VALUES(0915,'평창','37.370474','128.38997689999997',09);
INSERT INTO DB_CITY(NO, NAME, LAT, LNG, STATE_CODE) VALUES(0916,'홍천','37.6969518','127.8886827',09);
INSERT INTO DB_CITY(NO, NAME, LAT, LNG, STATE_CODE) VALUES(0917,'화천','38.1056484','127.7080492',09);
INSERT INTO DB_CITY(NO, NAME, LAT, LNG, STATE_CODE) VALUES(0918,'횡성','37.4917566','127.98492950000002',09);
INSERT INTO DB_CITY(NO, NAME, LAT, LNG, STATE_CODE) VALUES(1001,'가평','37.8315403','127.50988269999993',10);
INSERT INTO DB_CITY(NO, NAME, LAT, LNG, STATE_CODE) VALUES(1002,'고양','37.65835990000001','126.83202010000002',10);
INSERT INTO DB_CITY(NO, NAME, LAT, LNG, STATE_CODE) VALUES(1003,'과천','37.429246','126.98744510000006',10);
INSERT INTO DB_CITY(NO, NAME, LAT, LNG, STATE_CODE) VALUES(1004,'광명','7.4784878','126.86428879999994',10);
INSERT INTO DB_CITY(NO, NAME, LAT, LNG, STATE_CODE) VALUES(1005,'광주','37.4171413','127.25614129999997',10);
INSERT INTO DB_CITY(NO, NAME, LAT, LNG, STATE_CODE) VALUES(1006,'구리','37.5943124','127.12956459999998',10);
INSERT INTO DB_CITY(NO, NAME, LAT, LNG, STATE_CODE) VALUES(1007,'군포','37.3616703','126.93517410000004',10);
INSERT INTO DB_CITY(NO, NAME, LAT, LNG, STATE_CODE) VALUES(1008,'김포','37.6152464','126.71563249999997',10);
INSERT INTO DB_CITY(NO, NAME, LAT, LNG, STATE_CODE) VALUES(1009,'남양주','37.6360028','127.21652790000007',10);
INSERT INTO DB_CITY(NO, NAME, LAT, LNG, STATE_CODE) VALUES(1010,'동두천','37.9034112','127.06050749999997',10);
INSERT INTO DB_CITY(NO, NAME, LAT, LNG, STATE_CODE) VALUES(1011,'부천','37.5034138','126.76603090000003',10);
INSERT INTO DB_CITY(NO, NAME, LAT, LNG, STATE_CODE) VALUES(1012,'성남','37.4449168','127.13886839999998',10);
INSERT INTO DB_CITY(NO, NAME, LAT, LNG, STATE_CODE) VALUES(1013,'수원','37.2635727','127.02860090000001',10);
INSERT INTO DB_CITY(NO, NAME, LAT, LNG, STATE_CODE) VALUES(1014,'시흥','37.3798877','126.80310250000002',10);
INSERT INTO DB_CITY(NO, NAME, LAT, LNG, STATE_CODE) VALUES(1015,'안산','37.3218778','126.83088480000004',10);
INSERT INTO DB_CITY(NO, NAME, LAT, LNG, STATE_CODE) VALUES(1016,'안성','37.0079695','127.27967860000001',10);
INSERT INTO DB_CITY(NO, NAME, LAT, LNG, STATE_CODE) VALUES(1017,'안양','37.3942527','126.95682090000003',10);
INSERT INTO DB_CITY(NO, NAME, LAT, LNG, STATE_CODE) VALUES(1018,'양주','37.7852875','127.0458453',10);
INSERT INTO DB_CITY(NO, NAME, LAT, LNG, STATE_CODE) VALUES(1019,'양평','37.4912195','127.48756070000002',10);
INSERT INTO DB_CITY(NO, NAME, LAT, LNG, STATE_CODE) VALUES(1020,'여주','37.2980237','127.63716279999994',10);
INSERT INTO DB_CITY(NO, NAME, LAT, LNG, STATE_CODE) VALUES(1021,'연천','38.0964438','127.07483350000007',10);
INSERT INTO DB_CITY(NO, NAME, LAT, LNG, STATE_CODE) VALUES(1022,'오산','37.1498096','127.07722119999994',10);
INSERT INTO DB_CITY(NO, NAME, LAT, LNG, STATE_CODE) VALUES(1023,'용인','37.2410864','127.17755369999998',10);
INSERT INTO DB_CITY(NO, NAME, LAT, LNG, STATE_CODE) VALUES(1024,'의왕','37.344701','126.96831040000006',10);
INSERT INTO DB_CITY(NO, NAME, LAT, LNG, STATE_CODE) VALUES(1025,'의정부','37.73809800000001','127.03368190000003',10);
INSERT INTO DB_CITY(NO, NAME, LAT, LNG, STATE_CODE) VALUES(1026,'이천','37.2719952','127.43482210000002',10);
INSERT INTO DB_CITY(NO, NAME, LAT, LNG, STATE_CODE) VALUES(1027,'파주','37.7598688','126.78017810000006',10);
INSERT INTO DB_CITY(NO, NAME, LAT, LNG, STATE_CODE) VALUES(1028,'평택','36.9921075','127.11294509999993',10);
INSERT INTO DB_CITY(NO, NAME, LAT, LNG, STATE_CODE) VALUES(1029,'포천','37.8949148','127.20035510000002',10);
INSERT INTO DB_CITY(NO, NAME, LAT, LNG, STATE_CODE) VALUES(1030,'하남','37.5392646','127.2148919',10);
INSERT INTO DB_CITY(NO, NAME, LAT, LNG, STATE_CODE) VALUES(1031,'화성','37.1994932','126.83118869999998',10);
INSERT INTO DB_CITY(NO, NAME, LAT, LNG, STATE_CODE) VALUES(1101,'거제','34.8806427','128.62108239999998',11);
INSERT INTO DB_CITY(NO, NAME, LAT, LNG, STATE_CODE) VALUES(1102,'거창','35.6867229','127.9095155',11);
INSERT INTO DB_CITY(NO, NAME, LAT, LNG, STATE_CODE) VALUES(1103,'고성','34.973149','128.32224559999997',11);
INSERT INTO DB_CITY(NO, NAME, LAT, LNG, STATE_CODE) VALUES(1104,'김해','35.2285451','128.88935170000002',11);
INSERT INTO DB_CITY(NO, NAME, LAT, LNG, STATE_CODE) VALUES(1105,'남해','34.8376721','127.89242339999998',11);
INSERT INTO DB_CITY(NO, NAME, LAT, LNG, STATE_CODE) VALUES(1106,'마산','35.213516','128.58143300000006',11);
INSERT INTO DB_CITY(NO, NAME, LAT, LNG, STATE_CODE) VALUES(1107,'밀양','35.5037598','128.74644149999995',11);
INSERT INTO DB_CITY(NO, NAME, LAT, LNG, STATE_CODE) VALUES(1108,'사천','35.0037788','128.06418499999995',11);
INSERT INTO DB_CITY(NO, NAME, LAT, LNG, STATE_CODE) VALUES(1109,'산청','35.4155885','127.8734981',11);
INSERT INTO DB_CITY(NO, NAME, LAT, LNG, STATE_CODE) VALUES(1110,'양산','35.3350072','129.03716889999998',11);
INSERT INTO DB_CITY(NO, NAME, LAT, LNG, STATE_CODE) VALUES(1111,'의령','35.3221896','128.261658',11);
INSERT INTO DB_CITY(NO, NAME, LAT, LNG, STATE_CODE) VALUES(1112,'진주','35.1799817','128.1076213',11);
INSERT INTO DB_CITY(NO, NAME, LAT, LNG, STATE_CODE) VALUES(1113,'진해','35.1666596','128.6604585',11);
INSERT INTO DB_CITY(NO, NAME, LAT, LNG, STATE_CODE) VALUES(1114,'창녕','35.5445563','128.4922143',11);
INSERT INTO DB_CITY(NO, NAME, LAT, LNG, STATE_CODE) VALUES(1115,'창원','37.1688932','128.36431330000005',11);
INSERT INTO DB_CITY(NO, NAME, LAT, LNG, STATE_CODE) VALUES(1116,'통영','34.8544227','128.433182',11);
INSERT INTO DB_CITY(NO, NAME, LAT, LNG, STATE_CODE) VALUES(1117,'하동','35.0672108','127.75126869999997',11);
INSERT INTO DB_CITY(NO, NAME, LAT, LNG, STATE_CODE) VALUES(1118,'함안','35.2725591','128.40647969999998',11);
INSERT INTO DB_CITY(NO, NAME, LAT, LNG, STATE_CODE) VALUES(1119,'함양','35.52046139999999','127.72517629999993',11);
INSERT INTO DB_CITY(NO, NAME, LAT, LNG, STATE_CODE) VALUES(1120,'합천','35.5665758','128.16579950000005',11);
INSERT INTO DB_CITY(NO, NAME, LAT, LNG, STATE_CODE) VALUES(1201,'경산','35.8250555','128.74154410000006',12);
INSERT INTO DB_CITY(NO, NAME, LAT, LNG, STATE_CODE) VALUES(1202,'경주','35.8561719','129.22474769999997',12);
INSERT INTO DB_CITY(NO, NAME, LAT, LNG, STATE_CODE) VALUES(1203,'고령','35.7261415','128.26295300000004',12);
INSERT INTO DB_CITY(NO, NAME, LAT, LNG, STATE_CODE) VALUES(1204,'구미','36.119485','128.34457339999994',12);
INSERT INTO DB_CITY(NO, NAME, LAT, LNG, STATE_CODE) VALUES(1205,'군위','36.2428355','128.57277020000004',12);
INSERT INTO DB_CITY(NO, NAME, LAT, LNG, STATE_CODE) VALUES(1206,'김천','36.1398393','128.11359470000002',12);
INSERT INTO DB_CITY(NO, NAME, LAT, LNG, STATE_CODE) VALUES(1207,'문경','36.586148','128.1867972',12);
INSERT INTO DB_CITY(NO, NAME, LAT, LNG, STATE_CODE) VALUES(1208,'봉화','36.8930933','128.73237519999998',12);
INSERT INTO DB_CITY(NO, NAME, LAT, LNG, STATE_CODE) VALUES(1209,'상주','36.4109466','128.15908279999996',12);
INSERT INTO DB_CITY(NO, NAME, LAT, LNG, STATE_CODE) VALUES(1210,'성주','35.9189966','128.28933000000006',12);
INSERT INTO DB_CITY(NO, NAME, LAT, LNG, STATE_CODE) VALUES(1211,'안동','36.5683543','128.72935699999994',12);
INSERT INTO DB_CITY(NO, NAME, LAT, LNG, STATE_CODE) VALUES(1212,'영덕','36.41507989999999','129.36596810000003',12);
INSERT INTO DB_CITY(NO, NAME, LAT, LNG, STATE_CODE) VALUES(1213,'영양','36.6666558','129.11240069999997',12);
INSERT INTO DB_CITY(NO, NAME, LAT, LNG, STATE_CODE) VALUES(1214,'영주','36.8056858','128.62405509999996',12);
INSERT INTO DB_CITY(NO, NAME, LAT, LNG, STATE_CODE) VALUES(1215,'영천','35.97329149999999','128.93854929999998',12);
INSERT INTO DB_CITY(NO, NAME, LAT, LNG, STATE_CODE) VALUES(1216,'예천','36.6577004','128.4528808',12);
INSERT INTO DB_CITY(NO, NAME, LAT, LNG, STATE_CODE) VALUES(1217,'울릉','37.4844171','130.90580019999993',12);
INSERT INTO DB_CITY(NO, NAME, LAT, LNG, STATE_CODE) VALUES(1218,'울진','36.9930661','129.4004195',12);
INSERT INTO DB_CITY(NO, NAME, LAT, LNG, STATE_CODE) VALUES(1219,'의성','36.3559298','128.6947599',12);
INSERT INTO DB_CITY(NO, NAME, LAT, LNG, STATE_CODE) VALUES(1220,'청도','35.6472706','128.73391070000002',12);
INSERT INTO DB_CITY(NO, NAME, LAT, LNG, STATE_CODE) VALUES(1221,'청송','36.4359045','129.05710769999996',12);
INSERT INTO DB_CITY(NO, NAME, LAT, LNG, STATE_CODE) VALUES(1222,'칠곡','35.9953059','128.40154340000004',12);
INSERT INTO DB_CITY(NO, NAME, LAT, LNG, STATE_CODE) VALUES(1223,'포항','36.0190178','129.34348079999995',12);
INSERT INTO DB_CITY(NO, NAME, LAT, LNG, STATE_CODE) VALUES(1301,'강진','34.6420774','126.76726099999996',13);
INSERT INTO DB_CITY(NO, NAME, LAT, LNG, STATE_CODE) VALUES(1302,'고흥','34.6112219','127.28497800000002',13);
INSERT INTO DB_CITY(NO, NAME, LAT, LNG, STATE_CODE) VALUES(1303,'곡성','35.2819553','127.29191749999995',13);
INSERT INTO DB_CITY(NO, NAME, LAT, LNG, STATE_CODE) VALUES(1304,'광양','34.9406968','127.69588820000001',13);
INSERT INTO DB_CITY(NO, NAME, LAT, LNG, STATE_CODE) VALUES(1305,'구례','35.2024947','127.46265340000002',13);
INSERT INTO DB_CITY(NO, NAME, LAT, LNG, STATE_CODE) VALUES(1306,'나주','35.0160601','126.71075719999999',13);
INSERT INTO DB_CITY(NO, NAME, LAT, LNG, STATE_CODE) VALUES(1307,'담양','35.3211394','126.98816729999999',13);
INSERT INTO DB_CITY(NO, NAME, LAT, LNG, STATE_CODE) VALUES(1308,'목포','34.8118351','126.39216639999995',13);
INSERT INTO DB_CITY(NO, NAME, LAT, LNG, STATE_CODE) VALUES(1309,'무안','34.99045419999999','126.48168559999999',13);
INSERT INTO DB_CITY(NO, NAME, LAT, LNG, STATE_CODE) VALUES(1310,'보성','34.7714563','127.07989440000006',13);
INSERT INTO DB_CITY(NO, NAME, LAT, LNG, STATE_CODE) VALUES(1311,'순천','34.950637','127.48721350000005',13);
INSERT INTO DB_CITY(NO, NAME, LAT, LNG, STATE_CODE) VALUES(1312,'신안','34.827332','126.10107399999993',13);
INSERT INTO DB_CITY(NO, NAME, LAT, LNG, STATE_CODE) VALUES(1313,'여수','34.7603737','127.66222210000001',13);
INSERT INTO DB_CITY(NO, NAME, LAT, LNG, STATE_CODE) VALUES(1314,'영광','35.2771719','126.51198739999995',13);
INSERT INTO DB_CITY(NO, NAME, LAT, LNG, STATE_CODE) VALUES(1315,'영암','34.8001685','126.69679180000003',13);
INSERT INTO DB_CITY(NO, NAME, LAT, LNG, STATE_CODE) VALUES(1316,'완도','34.3110596','126.75505410000005',13);
INSERT INTO DB_CITY(NO, NAME, LAT, LNG, STATE_CODE) VALUES(1317,'장성','35.3018333','126.78485410000008',13);
INSERT INTO DB_CITY(NO, NAME, LAT, LNG, STATE_CODE) VALUES(1318,'장흥','34.6816856','126.90692779999995',13);
INSERT INTO DB_CITY(NO, NAME, LAT, LNG, STATE_CODE) VALUES(1319,'진도','34.4868712','126.26348529999996',13);
INSERT INTO DB_CITY(NO, NAME, LAT, LNG, STATE_CODE) VALUES(1320,'함평','35.0659399','126.51655240000002',13);
INSERT INTO DB_CITY(NO, NAME, LAT, LNG, STATE_CODE) VALUES(1321,'해남','34.5732516','126.59892739999998',13);
INSERT INTO DB_CITY(NO, NAME, LAT, LNG, STATE_CODE) VALUES(1322,'화순','35.0645029','126.98647989999995',13);
INSERT INTO DB_CITY(NO, NAME, LAT, LNG, STATE_CODE) VALUES(1401,'고창','35.4358216','126.70208060000004',14);
INSERT INTO DB_CITY(NO, NAME, LAT, LNG, STATE_CODE) VALUES(1402,'군산','35.9676772','126.7366293',14);
INSERT INTO DB_CITY(NO, NAME, LAT, LNG, STATE_CODE) VALUES(1403,'김제','35.8036079','126.88088719999996',14);
INSERT INTO DB_CITY(NO, NAME, LAT, LNG, STATE_CODE) VALUES(1404,'남원','35.416357','127.3904877',14);
INSERT INTO DB_CITY(NO, NAME, LAT, LNG, STATE_CODE) VALUES(1405,'무주','36.0068191','127.66078049999999',14);
INSERT INTO DB_CITY(NO, NAME, LAT, LNG, STATE_CODE) VALUES(1406,'부안','35.73156609999999','126.73346509999999',14);
INSERT INTO DB_CITY(NO, NAME, LAT, LNG, STATE_CODE) VALUES(1407,'순창','35.3744136','127.13759679999998',14);
INSERT INTO DB_CITY(NO, NAME, LAT, LNG, STATE_CODE) VALUES(1408,'완주','35.891275','127.25389500000006',14);
INSERT INTO DB_CITY(NO, NAME, LAT, LNG, STATE_CODE) VALUES(1409,'익산','35.9482858','126.95759909999992',14);
INSERT INTO DB_CITY(NO, NAME, LAT, LNG, STATE_CODE) VALUES(1410,'임실','35.6110549','127.2826599',14);
INSERT INTO DB_CITY(NO, NAME, LAT, LNG, STATE_CODE) VALUES(1411,'장수','35.6472767','127.52113629999997',14);
INSERT INTO DB_CITY(NO, NAME, LAT, LNG, STATE_CODE) VALUES(1412,'전주','35.8242238','127.14795320000007',14);
INSERT INTO DB_CITY(NO, NAME, LAT, LNG, STATE_CODE) VALUES(1413,'정읍','35.5698855','126.85589549999997',14);
INSERT INTO DB_CITY(NO, NAME, LAT, LNG, STATE_CODE) VALUES(1414,'진안','35.7917297','127.42483560000005',14);
INSERT INTO DB_CITY(NO, NAME, LAT, LNG, STATE_CODE) VALUES(1501,'공주','36.4465346','127.11915339999996',15);
INSERT INTO DB_CITY(NO, NAME, LAT, LNG, STATE_CODE) VALUES(1502,'금산','36.1086928','127.48807119999992',15);
INSERT INTO DB_CITY(NO, NAME, LAT, LNG, STATE_CODE) VALUES(1503,'논산','36.1870656','127.09874530000002',15);
INSERT INTO DB_CITY(NO, NAME, LAT, LNG, STATE_CODE) VALUES(1504,'당진','36.8936109','126.62832779999997',15);
INSERT INTO DB_CITY(NO, NAME, LAT, LNG, STATE_CODE) VALUES(1505,'보령','36.3331629','126.61294410000005',15);
INSERT INTO DB_CITY(NO, NAME, LAT, LNG, STATE_CODE) VALUES(1506,'부여','36.2754406','126.91017799999997',15);
INSERT INTO DB_CITY(NO, NAME, LAT, LNG, STATE_CODE) VALUES(1507,'서산','36.7844993','126.45031689999996',15);
INSERT INTO DB_CITY(NO, NAME, LAT, LNG, STATE_CODE) VALUES(1508,'서천','36.0803312','126.69132769999999',15);
INSERT INTO DB_CITY(NO, NAME, LAT, LNG, STATE_CODE) VALUES(1509,'아산','36.7984064','126.99079510000001',15);
INSERT INTO DB_CITY(NO, NAME, LAT, LNG, STATE_CODE) VALUES(1510,'예산','36.6826123','126.84839510000006',15);
INSERT INTO DB_CITY(NO, NAME, LAT, LNG, STATE_CODE) VALUES(1511,'천안','36.815129','127.1138939',15);
INSERT INTO DB_CITY(NO, NAME, LAT, LNG, STATE_CODE) VALUES(1512,'청양','36.4588326','126.80221159999996',15);
INSERT INTO DB_CITY(NO, NAME, LAT, LNG, STATE_CODE) VALUES(1513,'태안','36.7456421','126.29805280000005',15);
INSERT INTO DB_CITY(NO, NAME, LAT, LNG, STATE_CODE) VALUES(1514,'홍성','36.60123','126.66077640000003',15);
INSERT INTO DB_CITY(NO, NAME, LAT, LNG, STATE_CODE) VALUES(1601,'계룡','36.2745577','127.24858960000006',16);
INSERT INTO DB_CITY(NO, NAME, LAT, LNG, STATE_CODE) VALUES(1602,'괴산','36.815669','127.78657909999993',16);
INSERT INTO DB_CITY(NO, NAME, LAT, LNG, STATE_CODE) VALUES(1603,'단양','36.9845473','128.36551859999997',16);
INSERT INTO DB_CITY(NO, NAME, LAT, LNG, STATE_CODE) VALUES(1604,'보은','36.4894573','127.72948270000006',16);
INSERT INTO DB_CITY(NO, NAME, LAT, LNG, STATE_CODE) VALUES(1605,'영동','36.1750231','127.7834302',16);
INSERT INTO DB_CITY(NO, NAME, LAT, LNG, STATE_CODE) VALUES(1606,'옥천','36.30636459999999','127.57128090000003',16);
INSERT INTO DB_CITY(NO, NAME, LAT, LNG, STATE_CODE) VALUES(1607,'음성','36.9396792','127.69050179999999',16);
INSERT INTO DB_CITY(NO, NAME, LAT, LNG, STATE_CODE) VALUES(1608,'제천','37.1325821','128.1909481',16);
INSERT INTO DB_CITY(NO, NAME, LAT, LNG, STATE_CODE) VALUES(1609,'진천','36.8553798','127.43611169999997',16);
INSERT INTO DB_CITY(NO, NAME, LAT, LNG, STATE_CODE) VALUES(1610,'청원','36.5573058','127.53213410000001',16);
INSERT INTO DB_CITY(NO, NAME, LAT, LNG, STATE_CODE) VALUES(1611,'청주','36.6424341','127.48903189999999',16);
INSERT INTO DB_CITY(NO, NAME, LAT, LNG, STATE_CODE) VALUES(1612,'충주','36.9910113','127.92594970000005',16);
INSERT INTO DB_CITY(NO, NAME, LAT, LNG, STATE_CODE) VALUES(1613,'증평','36.7855019','127.58165559999998',16);

-- 카테고리 SQL
Insert into TEAM2.DB_CATEGORY_CODE (CODE,NAME) values (100,'음식점');
Insert into TEAM2.DB_CATEGORY_CODE (CODE,NAME) values (101,'한식');
Insert into TEAM2.DB_CATEGORY_CODE (CODE,NAME) values (102,'기타외식');
Insert into TEAM2.DB_CATEGORY_CODE (CODE,NAME) values (103,'디저트');
Insert into TEAM2.DB_CATEGORY_CODE (CODE,NAME) values (200,'액티비티');
Insert into TEAM2.DB_CATEGORY_CODE (CODE,NAME) values (201,'야외');
Insert into TEAM2.DB_CATEGORY_CODE (CODE,NAME) values (202,'실내');
Insert into TEAM2.DB_CATEGORY_CODE (CODE,NAME) values (300,'관광명소');
Insert into TEAM2.DB_CATEGORY_CODE (CODE,NAME) values (301,'체험마을');
Insert into TEAM2.DB_CATEGORY_CODE (CODE,NAME) values (302,'자연');
Insert into TEAM2.DB_CATEGORY_CODE (CODE,NAME) values (303,'건축');
Insert into TEAM2.DB_CATEGORY_CODE (CODE,NAME) values (400,'쇼핑');
Insert into TEAM2.DB_CATEGORY_CODE (CODE,NAME) values (401,'재래시장');
Insert into TEAM2.DB_CATEGORY_CODE (CODE,NAME) values (402,'전문매장');
Insert into TEAM2.DB_CATEGORY_CODE (CODE,NAME) values (403,'종합상가');

-- 여행지 SQL
-- 여행지 정보
Insert into TEAM2.DB_DESTINATION (NO,CITY_NO,ADDRESS,LAT,LNG,NAME,DETAILS,CONTACT,OPENTIME,SITE) values (61,400,'부산광역시 해운대구 중동 1414-16','35.159389','129.160972','SEA LIFE 부산아쿠아리움','새롭게 개장한 SEA LIFE 부산아쿠아리움은 놀라운 바닷속 세상으로 우리를 안내한다. 연면적 4,000평 규모료 지상 1층에서 지하 3층까지 이루어져 있으며, 테마별로 특성을 살린 수조와 해저터널, 수중생태계의 모든 것을 체험할 수 있는 시설을 갖추고 있다. 커다란 상어와 거북이뿐만 아니라 작은 불가사리와 해마에서부터 우아한 가오리까지 다양한 바다친구들을 가깝게 만날 수 있다. 250종, 10,000여 마리의 해양생물을 전시하고, 새롭게 변한 8개의 전시존을 통해 놀라운 경험을 선사하고자 한다. SEA LIFE 부산아쿠아리움은 바다친구들의 아름다움을 공유하고 해양 자원을 보존하기 위해 노력하고 있다','051-740-1700','월~목 10:00~20:00 / 금~일,공휴일 09:00~22:00
 ※ 여름 성수기 시즌 이용시간 변동 가능(문의)
 ※ 입장은 한 시간 전까지 가능

연중무휴','http://www.busanaquarium.com');
Insert into TEAM2.DB_DESTINATION (NO,CITY_NO,ADDRESS,LAT,LNG,NAME,DETAILS,CONTACT,OPENTIME,SITE) values (62,400,'부산광역시 강서구 대항동 270','35.012639','128.827500','대항어촌체험마을','* 부산에서 가장 큰 섬 가덕도(加德島) 남쪽 끝자락에 위치해 있는 대항마을 *
 
가덕도 내에는 관측산· 국수봉·남산(190m) 등의 아름다운 산이 많이 존재한다. 관측산은 해발고도 76m로, 일제강점기에 해군의 관측소가 있었고, 국수봉은 해발고도 268m로 기암괴석으로 이루어져 있다. 가덕도내 유적으로 대항조개무지·외양포조개무지, 문화재로 애구바구섬에 있는 가덕도 자생동백군(부산기념물 36)이 있다. 대항조개무지의 규모는 약 200평으로, 신석기 시대의 민무늬토기 조각이 출토되었다. 외양포조개무지는 2곳으로 규모는 각각 150평과 50평 정도이다. 민속으로는 가덕도 대항마을의 숭어들이가 있으며, 대항마을에서는 통발체험을 할 수 있는 체험프로그램을 운영하고 있다.

대항마을에 가기 위해서는 선착장까지 갈 경우 남해 제2지선고속도로 상 가락나들목에서 나와 58번 국지도를 따라 남하하다가 송정동에서 2번 국도를 서진, 중소기업지원센터서 가덕 녹산선착장쪽으로 좌회전해 진입하면 된다.
 
* 부산에서 가장 큰 섬 가덕도 *
가덕도는 보개산이 바다 가운데 침몰되었다가 다시 솟아서 이루어 졌다는 전설이 있는 부산 최대의 섬이다. 최고봉인 연대산(459.4m)을 위시하여 수많은 산들이 펼쳐져 있으며, 해안선을 따라 동북쪽으로 눌차·동선 사이를 이어주는 주변 백사장에서부터 기도원앞 바닷가의 경관, 동남쪽으로 대항 새바지의 넓은 자갈밭과 용두암을 시작으로 펼쳐지는 동백숲과 아동섬일대와 동두말, 가덕도 등대 주위의 깎아지른 듯한 기암괴석, 서남쪽으로 돌아 외양포 해수욕장, 두문의 길게 뻗은 솔섬, 천수말 코바위 등 가덕도는 해금강 절경을 방불케 한다.','051-972-2516','연중무휴','http://daehang.seantour.com');
Insert into TEAM2.DB_DESTINATION (NO,CITY_NO,ADDRESS,LAT,LNG,NAME,DETAILS,CONTACT,OPENTIME,SITE) values (63,400,'부산광역시 해운대구 우1동 730-27','35.154806','129.151750','동백공원','* 울창한 동백나무와 바다의 경관을 즐기자, 동백공원(누리마루하우스)
해운대해수욕장 남쪽 끝에 있는 동백섬을 공원으로 조성한 것으로, 1966년 9월 1일 공원대지로 지정되어 1990년대에 본격적으로 개발되어 현재에 이르고 있다. 동백섬은 동백나무와 소나무가 울창한 자연경관이 아름다운 곳으로 육지와 연결된 육계도이다.
2006년 부산에서 APEC이 개최되면서 해운대 환경이 새롭게 조성되고 산책길도 좋아져 연일 관광객의 발길이 끊이질 않는다. 산책로 외에 배드민턴장·의자·화장실 등의 편의시설이 조성되어 있다. 이중 화장실은 한국관광공사가 2001년 한국방문의 해 및 2002년 월드컵축구대회 등을 앞두고 화장실 문화개선을 위하여 벌인 전국 공중화장실 심사에서 가장 쾌적한 화장실로 선정되었다.

정상에는 신라말의 석학 고운 최치원의 동상과 비문이 있다. 순환도로 옆에 해운대석각(海雲臺石刻)이 있는데 이 일대가 해운대라고 불리게 한 유물로 최치원이 썼다고 전해진다. 신라 말기 학자 최치원이 난세를 피해 해인사로 들어가다 절경에 감탄하고 동백섬에 돌을 쌓아 대를 만든 후, 바다와 구름, 달과 산을 음미하면서 이 바위에 새겨 넣은 이름이 해운대(海雲臺)다.


* 동백공원을 알차게 이용하는 추천 산책로 *
동백공원은 산책로가 조성되어 있어, 바다의 경관을 즐기며 산책하기 좋다. 산책코스는 해운대 해변과 동백섬을 따라 도는 두 개가 있다. 해운대 해변 가로등을 따라서 잘 조성된 해변 산책로를 따라 걸어도 좋지만 운동도 할 겸 모래의 감촉을 느끼며 맨발로 걷는 것도 좋다.
동백섬 코스는 동이 트는 새벽 햇살을 받으며 바다 바위 위로 전망대를 따라 절경이 펼쳐진다. 달맞이 고개에서 이어지는 완만한 해운대 해변에서 광안대교의 시원한 모습으로 한 폭의 그림이 펼쳐진다. 최치원이 새겼다는 암석의 글을 음미해 보기도 하고, 때로는 누리마루 APEC하우스를 지나 몇 바퀴 속보로 걷는 것도 좋다.','051-749-5700','연중무휴','해운대문화관광http://tour.haeundae.go.kr');
Insert into TEAM2.DB_DESTINATION (NO,CITY_NO,ADDRESS,LAT,LNG,NAME,DETAILS,CONTACT,OPENTIME,SITE) values (64,400,'부산광역시 중구 부평동1가 15-9','35.102139','129.026944','할매유부전골','유부 보따리는 그 속에 당면과 채소를 넣고 실파로 묶어 만든 음식으로, 부산에서 유명한 먹거리이다. 할매유부전골은 이러한 유부 보따리와 어묵을 가득담아 한 그릇에 내는 음식점으로, 단일 메뉴로 운영하고 있지만 줄서서 먹을만큼 유명하다.','1599-9828','10:00 ~ 20:00
연중무휴','http://www.yubu.co.kr');
Insert into TEAM2.DB_DESTINATION (NO,CITY_NO,ADDRESS,LAT,LNG,NAME,DETAILS,CONTACT,OPENTIME,SITE) values (65,400,'부산광역시 동래구 온천1동 137-14','35.220222','129.082389','원조기장곰장어','[부산광역시 동래구 명륜동에 있는 곰장어 전문점 원조기장곰장어]
원조기장곰장어는 온천장입 입구 사거리에 위치한 곰장어 전문 음식점이다. 메뉴로는 곰장어 양념구이, 소금구이가 있으며, 공기밥과 볶음밥도 함께 주문할 수 있다. 단체석이 마련되어 있어 연회, 가족모임 등 단체모임이 가능하며, 전국 택배배송으로 택배주문이 가능하다.','051-554-2878','10:00 ~ 23:00
연중무휴','http://tour.dongnae.go.kr/');
Insert into TEAM2.DB_DESTINATION (NO,CITY_NO,ADDRESS,LAT,LNG,NAME,DETAILS,CONTACT,OPENTIME,SITE) values (58,400,'부산광역시 영도구 봉래동2가 39-1','35.092944','129.042750','삼진어묵체험역사관 [부산어묵전시관]','현존하는 가장 오래된 부산어묵 제조업체인 삼진식품이 만든 어묵전시체험장으로 1층 베이커리 형태의 어묵카페와 함께 2층에는 어묵의 역사를 알 수 있는 전시장과 체험장이 운영되고 있다. 1950년대 일본에서 어묵 제조 기술을 배워 온 박재덕씨가 봉래시장 입구의 판잣집을 빌려 어묵 제조를 시작했으며, 3대를 이어온 봉래동 공장을 전시체험장의 형태로 리모델링하여 2013년에 재오픈하였다. 어릴 적 시장에 엄마를 따라나서면 손에 쥐어주던 어묵 맛을 그대로 느낄 수 있다.','051-412-5468','[역사관] 09:00~06:00 
[체험관]
 주중(10:00/13:00/15:00) - 일주일전 예약
 주말(10:00/11:00/1:30/2:30/3:30/4:30) - 30분 전부터 접수 
[역사관] 연중무휴 
[체험관] 체험 일정에 따라 평일 중 유동적 휴무','http://cafe.naver.com/samjinfood');
Insert into TEAM2.DB_DESTINATION (NO,CITY_NO,ADDRESS,LAT,LNG,NAME,DETAILS,CONTACT,OPENTIME,SITE) values (59,400,'부산광역시 기장군 기장읍 시랑리 산31-7','35.197667','129.225306','킴스아트필드미술관','킴스아트필드 미술관은 2006년 4월 1일 개관한 비영리 사립미술관(부산광역시 등록미술관 제4호)으로서 크고 작은 전시들과 다양한 문화예술프로그램을 진행하고 있다. 킴스아트필드 미술관은 매년 3회의 기획전과 2회의 다원매개예술프로그램을 개최하여 전시공간으로서의 기능뿐만 아니라 음악, 공연, 문학 등 타 예술 장르를 매개로 한 다원문화예술공간을 지향하고 있다. 또한, 현대미술작품 감상의 이해를 돕기 위해 전시연계프로그램과 문화소외계층의 다양한 문화체험 기회를 제공하기 위한 지역사회봉사프로그램을 운용하고 있다.','제1전시관 051-517-6800 
제2전시관 051-517-6820','[제1전시관] 
하절기(4~8월) 10:00~18:00 / 동절기(9~3월) 10:00~17:00
 [제2전시관] 1~12월 11:00~17:00
 ※ 단체관람 사전전화예약
[제1전시관] 월요일 및 명절연휴
[제2전시관] 일요일~수요일 및 명절연휴','http://www.kafmuseum.org');
Insert into TEAM2.DB_DESTINATION (NO,CITY_NO,ADDRESS,LAT,LNG,NAME,DETAILS,CONTACT,OPENTIME,SITE) values (60,400,'부산광역시 북구 화명3동 2279','35.233556','129.008833','부산어촌민속관','2007년 2월 23일 부산해양자연사박물관 분관으로 개관한 부산어촌민속관은 “강에서 바다로 이어지는 어촌문화여행”을 전시테마로 낙동강 어촌민속실과 부산어촌민속실로 구성되어 있으며, 부산의 젖줄인 낙동강을 터전으로 펼쳐온 조상들의 삶의 모습, 부산어촌의 시대별 어로활동, 전통어법, 문화유적, 어촌민속 등에 관한 자료를 종합 전시하고 있다.','051-363-3333, 8900','09:00~18:00 
※ 관람종료 1시간 전까지 입장

1월 1일, 매주 월요일
 ※ 월요일이 공휴일인 경우 그 다음날 휴관','http://sea.busan.go.kr/fishing');
Insert into TEAM2.DB_DESTINATION (NO,CITY_NO,ADDRESS,LAT,LNG,NAME,DETAILS,CONTACT,OPENTIME,SITE) values (55,500,'인천광역시 중구 신포동 3-12','37.471417','126.627778','신포국제시장','인천 중구 신포동 일대 3,300㎡의 신포시장은 19세기 말 이곳에 자리잡은 일본인, 중국인, 서양인들을 상대로 고급 채소를 파는 곳에서부터 시작되었다고 한다. 한. 중 카페리(car ferry, 여객을 태우거나 자동차를 실어 운반하는 배)와 크루즈(Cruise) 선박을 통해 인천을 찾는 관광객과 국제상인 수가 매년 크게 증가함에 따라 국제여객터미널에서 가까운 거리에 있는 신포시장을 다국적 문화를 연계한 국제상인 시장으로 조성하였다. 또한 신포시장 내에 안내데스크와 셀프 오피스를 구성해 국제상인 지원센터를 만들어, 신포시장을 방문하는 국내외 소무역상 및 관광객들에게 무역정보, 쇼핑 및 관광안내 정보, 통역 등을 제공한다. 

신포시장은 일제 강점기 때 소규모 점포들이 하나 둘씩 모여들면서 명맥을 이어오다 지난 1970년 정식으로 시장등록이 됐으며 현재 140여 개 점포가 입주해있다. 그리고 신포시장 내 유명한 먹거리로는 닭강정(닭고기를 기름에 튀긴 후 양념장에 조린 강정요리)이 있다. 신포시장 내 명물(먹거리) 신포 닭강정, 공갈빵, 신포우리만두, 산동만두, 신포순대, 쫄면 등이 있다.','신포국제시장상인회 
032-772-5812
신포국제시장활성화사업단 
032-764-0407~8','연중무휴','http://sinpomarket.com');
Insert into TEAM2.DB_DESTINATION (NO,CITY_NO,ADDRESS,LAT,LNG,NAME,DETAILS,CONTACT,OPENTIME,SITE) values (56,500,'인천광역시 남동구 논현1동 179-94','37.398750','126.737167','소래포구 종합어시장','수도권에서 가까워 4계절 맛을 찾는 손님이 끊이지 않는 ''소래포구종합어시장''은 계절별 대표 활어를 싱싱하게 서비스하고 경쟁력 있는 가격과 양으로 손님들에게 유명하다. 봄철이면 소래포구에는 꽃게를 사기 위해 모여드는 관광객이 한 가득이며, 배가 들어오는 날 바로 잡아 맛보는 꽃게를 즐길 수 있고, 김장철이면 맛깔스러운 젓갈들로 가득 차 비수기 없이 소래포구종합어시장은 365일 풍성하다. 기존의 복잡하고 지저분했던 포구와 달리 깔끔하게 구회화된 현대식 어시장으로 해수정화시스템이 적용되어 고객들의 만족도를 높였으며, 냉·난방은 물론 넉넉한 주차공간과 함께 퀵'|| chr(38) ||'택배 서비스가 시스템적으로 구축이 되어 있어 고객에게 더욱 편리한 서비스를 제공한다. 이뿐만 아니라 소래철교, 장대포대지 등 유명한 관광명소가 함께 하고 있어 어촌마을의 낭만을 즐길 수 있으며, 2010년도에는 유망축제로 뽑히기도 했던 ''소래포구축제''는 대한민국 대표 지역축제 중 하나로 100만여 명 가까이 찾는 축제가 있어 볼거리가 다양하다.','032-719-1522','09:00 ~ 21:00
(일부는 늦게까지 영업)
연중무휴','http://sorae49.com');
Insert into TEAM2.DB_DESTINATION (NO,CITY_NO,ADDRESS,LAT,LNG,NAME,DETAILS,CONTACT,OPENTIME,SITE) values (57,400,'부산광역시 부산진구 초읍동 산79-7','35.184861','129.046722','부산 삼정 더파크','삼정더파크는 기존의 동물원에서 벗어나 다채로운 체험과 특별한 경험을 제공하기 위해 보다 가까이에서 동물들을 만날 수 있는 새로운 전시기법을 도입하였으며, 자연과 동물들이 함께 어우러져 동물들에게 편안함과 안락함을 느낄 수 있는 공간으로 조성되었다. 뿐만 아니라 다양한 어드벤처 시설과 식음 서비스를 통하여 더욱 즐겁고 소중한 시간을 보낼 수 있다.','051-811-8800','주간권 10:00~18:00 (매표마감 17:00) 
야간권 17:00~21:00 (매표마감 20:00)
연중무휴','http://www.samjungthepark.com');
Insert into TEAM2.DB_DESTINATION (NO,CITY_NO,ADDRESS,LAT,LNG,NAME,DETAILS,CONTACT,OPENTIME,SITE) values (6,100,'서울특별시 종로구 세종로 광화문광장','37.574028','126.976722','광화문광장','광화문광장은 서울시 종로구 광화문에서 세종로 사거리와 청계광장으로 이어지는 세종로 중앙에 길이 550m, 너비 34m로 조성한 광장이다. 2009년 7월에 개장해 시민의 역사, 문화 체험 공간이자 휴식 공간으로 사랑받는 곳이다. 광화문 광장은 ''광화문의 역사를 회복하는 광장'' ''육조거리의 풍경을 재현하는 광장'', ''한국의 대표 광장'', ''시민들이 참여하는 도시문화 광장'', ''도심 속의 광장'', ''청계천 연결부'' 등으로 구성되었다. 

세종문화회관 앞에는 높이 4.2m 기단 위에 6.2m 높이의 웅장한 세종대왕 동상이 있고, 그 앞쪽으로 이순신 장군의 동상이 있다. 가까운 거리에 경복궁, 세종문화회관, 세종로공원, 교보문고 등이 있고 시청광장, 청계천, 종로거리로 이동하기도 쉬워 시민은 물론 국내, 외 관광객의 발길이 끊이지 않는 곳이다.','다산콜센터 02-120','연중무휴','http://plaza.seoul.go.kr/gwanghwamun');
Insert into TEAM2.DB_DESTINATION (NO,CITY_NO,ADDRESS,LAT,LNG,NAME,DETAILS,CONTACT,OPENTIME,SITE) values (1,100,'서울특별시 용산구 용산2가동 산1-12','37.551139','126.988222','N 서울타워','N 서울타워는 한국 최초로 세워진 타워형 전망대이자 서울의 랜드마크다. 최근 론니플래닛에서 선정한 세계 500대 관광지에 선정되어 외국인 관광객의 발걸음이 더 많아 졌다. 전망대에 오르면 서울의 전경이 파노라마처럼 펼쳐진다. 높은 빌딩의 스카이라인도 화려하고, 한강 물줄기를 가르는 다리도 멋지다','02-3455-9277, 9288','10:00~23:00 
(토요일은 24:00까지)','http://www.nseoultower.co.kr/');
Insert into TEAM2.DB_DESTINATION (NO,CITY_NO,ADDRESS,LAT,LNG,NAME,DETAILS,CONTACT,OPENTIME,SITE) values (2,100,'서울특별시 영등포구 여의동 60','37.519389','126.940222','63씨월드','63씨월드는 서울 여의도 한화생명빌딩(63빌딩)에 있는 대규모 실내 수족관이다. 이곳에는 54개 수조와 26개 사육용 수조에 400여 종 2만 마리의 해양생물이 살고 있다. 산호초, 바다표범, 펭귄, 물개, 돌고래, 2m가 넘는 게, 3억5천만 년 세월을 보여주는 고대어류 실라칸스 등이 있다. 

지하 1층, 2층에 있는 수족관에서 작은발톱수달, 줄전갱이, 제브라상어, 아프리칸펭귄, 아무르불가사립 등 희귀 동물을 볼 수 있고, 물고기의 묘기와 국가대표 싱크로나이즈 선수의 수중싱크로나이즈쇼, 바다표범쇼 등을 감상할 수 있다. 펭귄 생태, 바다사자, 참물범 생태설명회를 통해 궁금한 바닷속 생물의 이야기도 들어볼 수 있다. 

2015년 9월 1일부터 2016년 6월 30일 내부 리뉴얼공사을 진행 중이며, 7월 1일 재개장 예정이다.','02-789-5663~4','10:00~22:00','http :// www.63.co.kr/home/63CITY/main.jsp');
Insert into TEAM2.DB_DESTINATION (NO,CITY_NO,ADDRESS,LAT,LNG,NAME,DETAILS,CONTACT,OPENTIME,SITE) values (3,100,'서울특별시 마포구 홍익로3길 20','37.553333','126.921667','트릭아이미술관','2010년 12월 서울 홍대 앞에 개관한 트릭아이 미술관은 독특한 콘셉트로 인기를 끌며 2014년까지 제주, 부산 싱가포르, 홍콩, 중국 제남까지 지점을 확장했다. ‘트릭아이’는 평면의 그림이 입체적으로 보이도록 착시를 일으키는 전통미술기법을 말하며 이곳에서는 관람객이 직접 참여하여 작품을 즐길 수 있는 것이 특징이다. 

홍대 트릭아이 본점에서는 4가지 테마의 체험을 할 수 있다. 그림이 살아 움직이는 3D 착시 미술 전시관, 1년 내내 겨울을 느낄 수 있는 얼음조각체험관(아이스 뮤지엄), 흥미진진한 게임을 즐기는 오락테마공간, 어른들만을 위한 에로티시즘 아트 등이 있다. 아이들은 저금통, 명화다이어리, 가면, 아트토이 만들기 프로그램을 통해 상상력을 발휘하고, 어른들은 사격, 해머 내리치기 등을 통해 스트레스를 해소하며 명화관, 판타지관 등에서 작품을 만지고 느끼며 즐거움에 빠져들게 된다. 

트릭아이 미술관은 “남자가 사랑할 때” “드라마의 제왕” 등 TV 프로그램에 나오면서 그 인기를 더했고, 일본, 태국 방송에도 소개되면서 한류미술관의 역할을 하고 있다.','02-3144-6300','09:00~21:00','http://trickeye.com/');
Insert into TEAM2.DB_DESTINATION (NO,CITY_NO,ADDRESS,LAT,LNG,NAME,DETAILS,CONTACT,OPENTIME,SITE) values (4,100,'서울특별시 종로구 계동 132-5','37.581056','126.987000','북촌한옥마을','북촌(北村)은 청계천과 종로의 북쪽 윗동네라는 의미로 붙여진 이름이다. 그중에서 경복궁, 창덕궁, 종묘 사이 가회동, 삼청동 일대에 조선시대 전통한옥이 모여 있는 지역을 ‘북촌한옥마을’이라 한다. 1천 5백여 채에 가까운 한옥이 있다. 

북촌한옥마을을 처음 방문한다면 우선 북촌의 사랑방 격인 북촌문화센터를 찾아 문화행사와 각종 프로그램을 확인하고, 이곳에서 북촌한옥마을에 대해 안내를 받는 것이 좋다. 특히 한옥마을에서 하룻밤을 보내고 싶은 관광객이라면 북촌 한옥체험관, 락고재, doo게스트하우스 등 한옥스테이를 이용할 수 있다. 

북촌한옥마을 주변으로 경복궁, 덕수궁, 경희궁, 창덕궁, 창경궁 등 우리나라 5대 궁이 있고, 이 때문에 조선시대 왕실과 양반집에 고급 공예품을 만들어 주던 ‘경공장’이 아직도 이곳에 남아 있다. 이 공방에서 일하는 장인들은 무형문화재, 명인, 명장, 연구가들로 이들이 일하는 모습을 볼 수 있는 체험 프로그램이 있어 특별한 경험이 된다.','02-2133-1371','연중무휴','http://bukchon.seoul.go.kr/');
Insert into TEAM2.DB_DESTINATION (NO,CITY_NO,ADDRESS,LAT,LNG,NAME,DETAILS,CONTACT,OPENTIME,SITE) values (5,100,'서울특별시 중구 세종대로 99','37.565806','126.975111','덕수궁','덕수궁은 중구 세종대로에 있는 조선 시대의 궁궐이다. 경복궁, 창덕궁, 창경궁, 경희궁과 함께 서울 5대 궁의 하나이다. 본래 왕궁이 아니었으나 1592년 임진왜란 당시 한양의 왕궁이 모두 불타면서 1593년 행궁으로 사용하기 시작했다. 이후 한때는 별궁으로 이용하다가 고종황제가 러시아에서 환궁하면서 다시 왕궁으로 사용하게 된다. 원래의 이름은 경운궁(慶運宮)이고, 1907년 고종이 이곳에 살면서 명칭을 덕수궁(德壽宮)으로 바꾼 것이다. 1963년 사적 제124호로 지정되었다. 

덕수궁 내에는 보물로 지정된 중화전, 중화문, 함녕전을 비롯해 유럽풍 석조 건축물인 석조전 등 건물이 남아 있다. 매일 3회 덕수궁 앞에서 왕궁수문장 교대식이 있어 지나가는 사람들의 눈길을 사로잡는다. 계절에 따라 아름다운 꽃이 피고 지며, 넓은 마당에는 거목이 많고, 특히 야경이 아름다워 시민과 관광객의 많은 사랑을 받는 곳이다. 덕수궁 돌담을 따라 걷는 길은 사람들의 발길이 끊임없이 이어지는 곳이며, 근처에 시청광장, 광화문, 숭례문 등이 있어 함께 들러보면 좋다.','02-751-0734','09:00~21:00','http://www.deoksugung.go.kr/');
Insert into TEAM2.DB_DESTINATION (NO,CITY_NO,ADDRESS,LAT,LNG,NAME,DETAILS,CONTACT,OPENTIME,SITE) values (217,800,'제주특별자치도 제주시 한경면 저지리 1851-3','33.332639','126.256389','[제주올레 14코스] 저지한림 올레','고요하고 아늑한 초록의 올레와 시원하게 생동하는 파랑의 올레가 연이어 발길을 맞는다. 제주의 농촌 풍경에 마음이 탁 풀어지는 밭길을 지나면, 곶자왈처럼 무성한 숲길이 이어지고, 폭신한 숲길을 벗어나 물이 마른 하천을 따라 가노라면 어느새 걸음은 바다에 가 닿는다. 돌담길, 밭길, 숲길, 하천길, 나무 산책로가 깔린 바닷길, 자잘한 돌이 덮인 바닷길, 고운 모래사장 길, 마을길 들이 차례로 나타나 지루할 틈 없이 장장 19.3km의 여정이 이어진다. 바다에서는 아름다운 섬 비양도를 내내 눈에 담고 걷는다. 걸을수록 조금씩 돌아앉는 비양도의 모습이 흥미롭다. 길이 없는 곳, 도저히 좋은 길을 찾기 힘든 환경에서 탐사팀은 흠잡을 데 없는 길을 만들기 위해 몇 배나 더 공을 들였다. 그 흔적을 곳곳에서 느낄 수 있는 올레다.','사단법인 제주올레 
064-762-2190','연중무휴','제주올레http://www.jejuolle.org제주특별자치도관광정보http://www.jejutour.go.kr');
Insert into TEAM2.DB_DESTINATION (NO,CITY_NO,ADDRESS,LAT,LNG,NAME,DETAILS,CONTACT,OPENTIME,SITE) values (218,800,'제주특별자치도 제주시 비월1길 14','33.485000','126.498639','지소울','제주의 자연을 담는 지소울은 제주에서 나는 원료를 주제로 만드는 수제비누를 판매한다. 10여 년의 천연비누, 화장품의 강사이력을 가지고 있으며 그간의 경험으로 제주의 자연을 수제비누에 담고 있는 수제비누 온라인쇼핑몰이다. 선물, 답례품 등의 주문이 가능하고 포장뿐만 아니라 원하는 문구도 넣을 수 있다. 제주에 계신 분들에게는 올바른 비누와 화장품 만들기 강좌를 진행하고 있다.','064-747-7205','10:00 ~ 19:00
쉬는날 토,일,공휴일 휴무','http://jisoul.co.kr');
Insert into TEAM2.DB_DESTINATION (NO,CITY_NO,ADDRESS,LAT,LNG,NAME,DETAILS,CONTACT,OPENTIME,SITE) values (219,800,'제주특별자치도 제주시 일도일동 1319-1','33.514500','126.527222','더 아일랜더','더 아일랜더는 제주전문 여행사 업무와 함께 제주도 특산물과 아트상품을 판매하고 있다. 제주도 아트상품의 경우에는 제주도 지역에서 활동하고 있는 작가분들의 작품들을 상품화 하여 판매하고 있다.','064-711-0747','11:00 ~ 20:00
쉬는날 매주 수요일','http://the-islander.co.kr');
Insert into TEAM2.DB_DESTINATION (NO,CITY_NO,ADDRESS,LAT,LNG,NAME,DETAILS,CONTACT,OPENTIME,SITE) values (220,800,'제주특별자치도 서귀포시 색달동 2504','33.255139','126.415722','중문농수산 직판장','중문농수산은 생산자가 직접 재배하고 유통해 더욱 믿을수 있는 곳으로 청정제주의 신선한 상품을 판매하고 있다. 옥돔, 갈치, 고등어, 한라봉 등을 판매하고 있다.','064-738-5757','09:00~21:00','http://www.jejuset.co.kr');
Insert into TEAM2.DB_DESTINATION (NO,CITY_NO,ADDRESS,LAT,LNG,NAME,DETAILS,CONTACT,OPENTIME,SITE) values (221,800,'제주특별자치도 서귀포시 중문동 2700','33.241306','126.424444','J Art Shop(제이아트샵)','J Art Shop은 핸드페인팅 전문학원인 지영아트에서 강사와 수강생들이 직접그린 제품을 위주로 악세사리류 및 가방, 지갑류등을 생산, 판매하는 곳으로 제주여성들의 감수성을 통해 한라산 야생화를 이미지화 해서 표현하였으며 직접 하나 하나 손으로 그린 제품들이라 세상에서 하나 밖에 없는 제품을 생산, 판매하는 곳이다.','064-725-9009','10:00~20:00
연중무휴','http://culture.seogwipo.go.kr/?sso=ok');
Insert into TEAM2.DB_DESTINATION (NO,CITY_NO,ADDRESS,LAT,LNG,NAME,DETAILS,CONTACT,OPENTIME,SITE) values (222,800,'제주특별자치도 서귀포시 색달동 2864-36','33.250000','126.413139','제주 초콜릿랜드','초콜릿랜드 제주특별자치도 서귀포시 중문관광로(색달동)에 위치한 관광 전시장이다. 초콜릿랜드는 초콜릿을 직접 만들어 보는 체험장, 초콜릿으로 만든 작품을 전시하고 있는 전시관, 초코 아트 작품을 감상하는 갤러리, 전망대, 카페등 초콜릿에 관한 다양한 공간으로 꾸며져있다. 세계 여러나라 대륙별 초콜릿 및 다양한 제주만의 색깔을 가진 초콜릿판매장이 있고 자신이 직접 손으로 만든 자신만의 수제 초콜릿을 먹고 또한 간직할 수 있다는 것이 제주 초콜릿랜드의 가장 큰 특징이다. 초콜릿랜드 는 국내외 다양한 초콜릿 제품을 비교해 구입할 수 있는 쇼핑매장을 갖추고 있다. 제주도 초콜릿(,키위초콜릿,블루베리초콜릿,체리초콜릿,생초콜릿 등), 해외초콜릿 등 다양한 초콜릿을 비롯해 우리나라 특산품(한라봉초콜릿,백년초초콜릿,인삼초콜릿,산삼초콜릿)을 재료로 만든 특이한 초콜릿 제품들도 만날 수 있다. 또한 직접 만들어볼 수 있는 체험 외에도 시식코너가 있어 방문객들이 직접 시식 후 마음에 드는 초콜릿을 구입할 수 있다.','064-738-1197','09:30 ~18:00 (사전예약 필수)
연중무휴','http://culture.seogwipo.go.kr/?sso=ok');
Insert into TEAM2.DB_DESTINATION (NO,CITY_NO,ADDRESS,LAT,LNG,NAME,DETAILS,CONTACT,OPENTIME,SITE) values (223,800,'제주특별자치도 제주시 한림읍 금능남로 127','33.376056','126.243889','라온명품관','라온명품관은 이태리 현지 명품 Multi-shop인 PF-Holding사와 명품 공급 정식 계약을 체결하여 세계적인 명품을 백화점처럼 시즌 오더 후 직수입하고 있다. 중간 유통 단계를 대폭 축소하여 신상품을 면세점 가격으로 구매할 수 있도록 하였으며, 외국인에게는 부가가치세 환급을 통해 면세점보다 저렴한 가격으로 국내.외 명품을 만날 수 있다. 라온명품관은 제주에서는 유일하게 키즈 명품이 입점 되어 있고, 내.외국인, 도민 모두 누구나 한도없이 면세점가로 이용할 수 있다.','064-795-3200','연중무휴','http://eraonmall.com');
Insert into TEAM2.DB_DESTINATION (NO,CITY_NO,ADDRESS,LAT,LNG,NAME,DETAILS,CONTACT,OPENTIME,SITE) values (224,800,'제주특별자치도 제주시 구좌읍 세화리 1500-1','33.526278','126.857444','세화5일장 (5일, 10일)','세화 오일장은 세화 중심가 사거리에서 인접해 있어서 교통이 편리하고, 주민들과 상인들이 함께 어우러져 서로 사고 파는 제주 사람들의 진솔한 삶의 모습을 들여다볼 수 있는 제주의 전통적인 재래시장이다. 우리나라 장이 거의 그렇듯 제주의 재래시장도 5일 간격으로 서는 오일장이며, 상품의 종류도 많고 가격도 저렴한 편이다.','064-728-4155','매월 5, 10, 15, 20, 25, 30일
오전 8시~오후 3시','http://www.jejusi.go.kr/contents/index.php?mid=85'|| chr(38) ||'sso=ok');
Insert into TEAM2.DB_DESTINATION (NO,CITY_NO,ADDRESS,LAT,LNG,NAME,DETAILS,CONTACT,OPENTIME,SITE) values (214,800,'제주특별자치도 제주시 애월읍 봉성리 산59-8','33.365972','126.356361','새별오름','남봉을 정점으로 남서, 북서, 북동방향으로 등성이가 있으며, 등성이마다 봉우리가 있다. 서쪽은 삼태기모양으로 넓게 열려 있고, 북쪽은 우묵하게 패여 있다. 마치 별표처럼 둥그런 표창같은 5개의 봉우리가 존재한다. 전체적으로 풀밭을 이루나 북쪽사면에 일부 잡목이 형성되어 있고, 서북쪽 사면에 공동묘지가 조성되어 있다. 저녁하늘에 샛별과 같이 외롭게 서 있다하여 붙여진 이름이다.
(표고 : 519.3m 비고 : 119m 둘레 : 2,713m 면적 : 522,216㎡ 저경 : 654m)','제주시 녹색환경과 
064-728-3123','연중무휴','제주문화관광http://cyber.jeju.go.kr');
Insert into TEAM2.DB_DESTINATION (NO,CITY_NO,ADDRESS,LAT,LNG,NAME,DETAILS,CONTACT,OPENTIME,SITE) values (215,800,'제주특별자치도 제주시 조천읍 교래리 산108','33.454639','126.652556','바늘오름','산정부에 원형화구와 오름 산상화구의 서쪽 능선 조금 내려간 곳에 북동쪽으로 벌어진 말굽형 화구를 동시에 지닌 쌍둥이형 복합화산체이다. 화구륜(火口輪)은 정상인 동쪽 봉우리를 중심으로 3개의 기복을 이루며 있고, 말굽형 화구는 북동향으로 얕게 벌어진 것으로 보아, 처음엔 원형 화구였던 것이 용암의 유출로 화구륜이 파괴되어 말굽형을 이룬 것으로 추측된다.
오름을 돌아가면서 삼나무를 조림하여 숲을 이루고 있고, 삼나무를 벗어나면 해송과 낙엽수림, 잡목이 우거져 숲을 이루고 있다. 원형 화구 안에는 풀밭을 이루고 있는 가운데 해송, 쥐똥나무, 찔레나무, 청미래덩굴, 윤노리나무 등이 식생하고, 말굽형 화구 안에는 보리수나무와 잡목 등이 우거져 자연림의 숲을 이루고 있다.
동쪽에 북동쪽으로 깊은 골이 패어 있는 곳에 상록수림이 형성되어 있다. 오름의 남동쪽에는 주로 해송이 조림되어 있다. 정상(동쪽) 삼각점이 있는 곳에는 산불감시초소가 있고, 그 옆에는 작은 무덤이 있고 그 주위를 철조망으로 둘러쳐 있다.','제주시 녹색환경과 
064-728-3123','연중무휴','제주문화관광http://cyber.jeju.go.kr');
Insert into TEAM2.DB_DESTINATION (NO,CITY_NO,ADDRESS,LAT,LNG,NAME,DETAILS,CONTACT,OPENTIME,SITE) values (216,800,'제주특별자치도 서귀포시 남원읍 영실로 492','33.369722','126.554944','오백나한','한라산 백록담 서남쪽 해발 1천 600여m의 허리에 둘레 약 3,309m, 계곡 깊이 389여m에 2천여 개의 기암으로 둘러싸인 계곡으로 한라산을 대표하는 들어서면 하늘을 찌를 듯 솟구쳐 버티어 서있는 2천여 개의 돌기둥과 절벽사이로 샘솟는 물소리, 새소리와 구슬픈 가락의 뻐꾸기 소리에 실린 안개가 절벽의 허리를 두르면 심산계곡의 극치가 되며 웅장한 대자연의 교향악이 된다. 절벽의 동쪽은 5백여 개가 넘는 형형색색의 모양을 한 1경승지이다. 1100도로 영실 등반로 입구에서 약 6.5㎞ 들어온 이곳은 백록담, 물장올과 함께 한라산 3대 성소 중의 하나로서 이 계곡에 0~20m의 돌기둥이 울창한 숲사이를 뚫고 서 있어 마치 장군이 서 있는 것 같기도 하고 나한불상이 공대하여 서 있는 것 같기도 하다. 서쪽 벽 역시 1천2백여 개의 바위기둥이 한데 붙어 서 있어 마치 장삼으로 예장한 불이 공대하여 서 있는 것 같다. 이 바위를 모양에 따라 병풍바위라 부르고 동쪽 5백여 개의 바위를 오백나한, 오백장군, 석라한, 영실기암이라 한다. 이 계곡의 웅장하고 둘러친 모습이 마치 석가여래가 불제자에게 설법하던 영산과 비슷하다 해서 영실이라고 불리워졌다고 하며, 이들 기암 괴석은 또한 억센 나한들과 같다하여 오백나한이라고 부른다. 동쪽 암벽에는 흰진달래, 섬바꽃, 어수리, 구상나무, 주목, 제주백회, 고채나무 등 특수 수종들이 한대성 원시림을 이루고, 서쪽 암벽에는 섬매자, 시로미, 주목, 병꽃 등 관목이 주수종을 이루면서 450여 종이 희귀식물이 자생하고 있으며, 계곡 하나를 사이에 두고 온대와 한대가 마주 보고 있는 특수 지역이기도 하다. 또, 지질학적으로도 서쪽 병풍바위는 잘 발달된 주상절리층이지만 동쪽의 기암은 모두 용암이 약대지층을 따라 분출하다가 그냥 굳어진 것으로 하나하나가 용암분출에 의해 형성된 것이다. 암석은 조면질안산암이며 이 절리대를 따라 용출된 지하수가 복류하여 강정천의 발원지가 되고 있다. 그리고 영실기암은 금강산의 만물상과 같다하여 ''한라의 만물상''이라고도 한다.','제주시 녹색환경과 
064-728-3123','연중무휴','제주문화관광http://cyber.jeju.go.kr');
Insert into TEAM2.DB_DESTINATION (NO,CITY_NO,ADDRESS,LAT,LNG,NAME,DETAILS,CONTACT,OPENTIME,SITE) values (212,800,'제주특별자치도 제주시 구좌읍 송당리 산213-1','33.457472','126.792639','높은오름','이 오름은 주변 일대에서 유일하게 고도가 400m 이상되는 오름으로 능선미가 선하고, 주위에 산재된 뭇 오름을 압도하는 느낌을 주어 높은 오름이라 불리고 있다. 정상에는 둘레가 약 500m나 되는 원형 굼부리가 3개의 봉우리를 이어가면서 위용을 자랑하고 있다.
등성이 여기저기에는 크고 작은 바위들이 있고 그 틈새에는 사스레피나무와 부처손이 자라나고 있으며, 등성이 일부에서는 물매화, 미나리아제비, 제비꽃, 피뿌리풀들도 서식되고 있음이 발견된다.
표고가 높기 때문에 정상에서는 사방을 시원스레 조망할 수 있으며, 특히 다랑쉬, 거미오름, 백약이로 이어지는 북~동~남쪽의 조망은 예술의 경지라고 해도 과언이 아닐 정도로 그 조망이 매우 뛰어나다.','제주시 녹색환경과 
064-728-3123','연중무휴','제주문화관광http://cyber.jeju.go.kr');
Insert into TEAM2.DB_DESTINATION (NO,CITY_NO,ADDRESS,LAT,LNG,NAME,DETAILS,CONTACT,OPENTIME,SITE) values (213,800,'제주특별자치도 제주시 한경면 청수리 2661-4','33.298944','126.239194','새신오름(신서악)','한경면 산양리 산양초등학교(폐교) 북동쪽 300m 지점의 도로변에 위치한 오름으로 나지막한 언덕 형태를 띠고 있다. 오름 정상에는 마을에서 암메(암메창)라 부르는 둥그런 화구가 넓게 우묵져 깊이가 약 20m정도의 평지에 가까운 원형 분화구를 이루고, 화구안에는 농경지와 초지, 그리고 묘지가 조성되어 있다.
※ 오름명의 유래 어원이 오름은 문헌이나 묘비에 鳥巢岳(조소악)으로 표기되어 있다. 새신의 새는 鳥(새)를 뜻하고, 신은 싯다의 매김씨 꼴로서 살고 있음을 뜻하는 것이라고 한다. 그러므로 새신오름이란 새가 깃들여 사는 산이란 뜻으로, 한자 이름 鳥巢(조소)는 한자의 뜻을 빌어 표기한 것으로 보고 있다.','제주시 녹색환경과 
064-728-3123','연중무휴','제주문화관광http://cyber.jeju.go.kr');
Insert into TEAM2.DB_DESTINATION (NO,CITY_NO,ADDRESS,LAT,LNG,NAME,DETAILS,CONTACT,OPENTIME,SITE) values (207,800,'제주특별자치도 제주시 조천읍 교래리 524-4','33.436917','126.677083','토계정','제주산 토종닭 샤브샤브 전문점  토계정(土鷄停)은 2008년3월부터 모범음식점으로 지정되어 성업 중인 교래리 대표 맛집이다. 제주 토종닭을 주재료로 사용하는 전문음식점으로, 해발430m 한라산 밑 청정지역 제주 토종닭의 유통특구 교래 삼다수 마을에 위치하고 있다. 제주산 토종닭 코스요리, 토종닭백숙, 토종옻닭, 한방 토종 닭백숙, 상황버섯 토종 닭백숙, 닭볶음탕, 한방녹두삼계탕, 한방전복삼계탕 등을 판매하고 있으며, 음식은 몸에 좋은 각종 약재들을 (상황버섯.구찌뽕.엄나무.가시오가피.황기.당귀.감초.인삼.마늘.녹두.대추.은행.밤 등) 넣고 정성으로 달인 약물로 조리하고 있다.','064-783-2297, 070-4643-8889','08:00 ~ 20:00
쉬는날 둘째·넷째 수요일','http://cafe.daum.net/duck1950');
Insert into TEAM2.DB_DESTINATION (NO,CITY_NO,ADDRESS,LAT,LNG,NAME,DETAILS,CONTACT,OPENTIME,SITE) values (208,800,'제주특별자치도 제주시 애월읍 곽지리 1595-1','33.448139','126.307000','커리왈라','[제주시 애월읍 곽지리에 위치한 인도 커리 전문점 커리왈라]
커리왈라는 곽지괴물해변 인근에 위치한 인도 가정식 커레 전문 음식점이다. 치킨커리, 야채커리 두가지 메뉴와 인도식 밀크티인 짜이를 제공한다. 커리왈라에서는 음식 이외에도 인도 의류, 잡화, 악세사리를 판매한다.','070-8232-8152','평일 12:00 ~ 재료마감시(평균 17:00)
주말 11:00 ~ 19:00
쉬는날 매주 월요일','http://blog.naver.com/sbluesgh');
Insert into TEAM2.DB_DESTINATION (NO,CITY_NO,ADDRESS,LAT,LNG,NAME,DETAILS,CONTACT,OPENTIME,SITE) values (209,800,'제주특별자치도 제주시 구좌읍 종달리 884-2','33.493278','126.899500','바다는안보여요','[제주시 구좌읍 종달리에 위치한 카페 바다는안보여요]
바다는안보여요 카페는 이름처럼 바다가 보이지 않는 카페이다. 바다는안보여요 카페에서는 구좌읍에서 키운 당근으로 만든 당근주스와 이외에 다양한 음료와 간단한 식사류가 준비되어 있다. 카페 내에 소설책과 만화책이 구비되어 있으며, 여행시 간단한 식사를 하기에 좋다.','064-782-4518','10:00 ~ 23:00
쉬는날 매주 수요일','http://www.jejusi.go.kr/contents/index.php?mid=85'|| chr(38) ||'sso=ok');
Insert into TEAM2.DB_DESTINATION (NO,CITY_NO,ADDRESS,LAT,LNG,NAME,DETAILS,CONTACT,OPENTIME,SITE) values (210,800,'제주특별자치도 서귀포시 정방동 408-12','33.247417','126.564722','국수바다','제주도 고기국수 맛집 제주 중문 국수바다, 향토음식,제주향토음식,전용주차장,식신로드,아빠어디가,아침식사 등의 특징이 있습니다.','064-733-9259','24시간
연중무휴','http://culture.seogwipo.go.kr/?sso=ok');
Insert into TEAM2.DB_DESTINATION (NO,CITY_NO,ADDRESS,LAT,LNG,NAME,DETAILS,CONTACT,OPENTIME,SITE) values (204,800,'제주특별자치도 서귀포시 남원읍 위미리 876','33.272250','126.676250','와랑와랑','제주의 겨울 여행에서 빠지지 않는 코스인 제주 남부 지역 위미리 마을에 위치한 와랑와랑은 한겨울에 붉은 꽃을 피워내는 매혹적인 동백나무 군락지에서 몇 걸음 떨어지지 않은 곳에 위치하고 있다. 다양한 종류의 커피와 차, 쿠키와 주스 등을 판매하며, 그중에서도 단팥라떼와 찰떡구이는 와랑와랑의 겨울 별미이다. 국산 팥을 직접 삶아 만드는 단팥라떼는 부드럽고 고소한 데다 여운처럼 남는 은은한 단맛이 일품이며, 떡을 살짝 구워 볶은 콩가루를 듬뿍 뿌려 내는 찰떡구이는 살짝 허기진 속을 든든하게 만들어준다. 사장 내외는 카페 외에 유기농 인증을 받은 감귤 농장도 운영 중이다. 때문에 직접 운영하는 농장의 품질 좋은 감귤로 만드는 감귤 재료 음료들도 인기가 좋다.','070-4656-1761','11:00 ~ 18:00
쉬는날 매주 월요일 휴무','http://culture.seogwipo.go.kr/?sso=ok');
Insert into TEAM2.DB_DESTINATION (NO,CITY_NO,ADDRESS,LAT,LNG,NAME,DETAILS,CONTACT,OPENTIME,SITE) values (205,800,'제주특별자치도 제주시 제원길 7','33.489194','126.489639','88돼지','100% 제주산 생돼지고기를 600g 단위로 판매하는 근고기 전문점이다. 제주공항,제주도청 인근에 위치하여 관광객들이 이용하기에 편리하다.','064-711-9947','월 ~ 토요일 17:00 ~ 05:00 (익일) 
일요일 17:00 ~ 24:00','http://www.jejusi.go.kr/contents/index.php?mid=85'|| chr(38) ||'sso=ok');
Insert into TEAM2.DB_DESTINATION (NO,CITY_NO,ADDRESS,LAT,LNG,NAME,DETAILS,CONTACT,OPENTIME,SITE) values (206,800,'제주특별자치도 서귀포시 표선면 표선리 40-4','33.325167','126.837778','검은여쉼터','제주특별자치도 서귀포시 토평동 거믄여 해안 인근에 위치한 검은여쉼터는토종 닭도가니와 닭백숙 전문점이다. 올레길 코스에 위치하고 있어 간단하게 끼니를 때울 수 있는 다양한 메뉴를 판매하고 있다. 서귀포 칼호텔, 파라다이스 호텔이 인근에 위치해 있고, 바로 앞이 거믄여 해안이기 때문에 관광객들이 즐겨 찾고 있다.','064-733-3030','11:00 ~ 22:00
쉬는날 첫째·셋째 화요일 휴무','http://culture.seogwipo.go.kr/?sso=ok');
Insert into TEAM2.DB_DESTINATION (NO,CITY_NO,ADDRESS,LAT,LNG,NAME,DETAILS,CONTACT,OPENTIME,SITE) values (211,800,'제주특별자치도 제주시 오등동 산182','33.361694','126.529028','웃세오름','한라산 정상 밑에 서쪽으로 웃세오름 대피소 주변에 영실등산 코스를 따라서 3개의 오름이 서로 이어져 있는데, 이 오름들은 1100고지 부근의 세오름(삼형제오름)에 비해 위쪽에 있다고 하여 웃세오름(일명 윗세오름)이라고 부르고 있다.
웃세오름은 한라산 서쪽 등줄기로서 남북의 분수령을 이루며 서귀포시와 제주시의 경계가 되고 있다.
웃세오름은 각각 독자적인 호칭을 가지고 있는데, 위로 부터 남사면에 붉은 흙이 드러나 있는 것이 붉은오름, 가운데 길게 가로누운 것이 누운오름, 막내격인 작은 오름이 족은오름 또는 새끼오름이라고 부른다. 이들은 삼형제에 빗대어 맏이를 큰오름, 둘째를 샛오름, 막내를 족은오름이라고도 한다.
웃세오름은 봄철 철쭉과 진달래꽃이 필때는 꽃바다를 이루어 등산객의 탄성을 자아내기도 한다. 웃세오름 일대는 산중고원(山中高原)일뿐만 아니라 고산식물의 보고로서 우리나라 멸종위기종이며 한라산에만 자라고 있는 시로미가 분포하고 있으나 최근 점차 감소추세를 보이고 있다. 이곳은 노루의 서식밀도가 높아 노루가 보통 사람을 피하는 동물인데도 불구하고 사람과 친숙해져 등산로를 따라 등반객이 지나가도 달아나지 않고 자주 나타나 노루 관찰에도 좋은 곳이다.
붉은오름과 누은오름사이 남쪽 등산로변에 노루샘이 있어 등반객이 많이 애용하고 있다.','제주시 녹색환경과 
064-728-3123','연중무휴','제주 문화관광 http://cyber.jeju.go.kr');
Insert into TEAM2.DB_DESTINATION (NO,CITY_NO,ADDRESS,LAT,LNG,NAME,DETAILS,CONTACT,OPENTIME,SITE) values (200,800,'제주특별자치도 제주시 조천읍 선흘리 2001','33.479083','126.703472','선녀와나무꾼 테마공원','선녀와나무꾼은 1950~1980년 그 시절 추억의 테마를 소재로 한 대한민국 최대 규모의 실내 상설로 이루어진 마음에 고향이다. 우리 부모님께서 실제로 살았던 모습을 실물 크기로 재현을 해서 현대에서는 찾아보기 힘든 잊혀져가는 옛 모습을 좀 더 가까이 보고 만지며 관찰할 수 있는 현장감, 생동감 그리고 그 시대상을 경험할 수 있는 테마공원이다.
대지 약 2만여 평에 실내공간은 단층으로 약 4천여 평 규모로 이루어져 옛 도심의 모습, 달동네마을, 어부생활관, 농업박물관, 민속박무관, 자수박물관, 선사시대체험관, 학교재현관 등과 예전에 즐겨 놀았던 팽이치기, 딱지치기, 그네타기, 윷놀이 등 다양한 체험을 할 수 있는 테마공원이다.','064-784-9001, 9055','공원 08:30~20:00
※ 매월 7월 셋째주 금요일~8월 넷째주 일요일
※ 마감 1시간 전까지 입장
※ 성수기 이외의 절기에는 입장전 전화로 문의(성수기 매년 7월 셋째주 금요일~8월 넷째주 일요일)
연중무휴','http://www.namuggun.com');
Insert into TEAM2.DB_DESTINATION (NO,CITY_NO,ADDRESS,LAT,LNG,NAME,DETAILS,CONTACT,OPENTIME,SITE) values (201,800,'제주특별자치도 제주시 애월읍 소길리 산181','33.412194','126.392944','프시케월드(나비공원)','애벌레에서 화려한 나비로의 변신
잉꼬, 토끼, 햄스터, 고슴도치, 장수풍뎅이, 사슴벌레와 아이들이 좋아하는 애완동물 및 곤충, 나비, 누에의 알 등을 직접 관찰하고 체험할 수 있는 공간이다. 스터디월드에서는 나비와 곤충의 의미를 비롯하여 역사로부터 생식, 생활사 및 한살이에 이르기까지 다양한 관람거리와 정보학습이 가능하도록 구성되어 있다. 패러디월드에서는 나비와 곤충들이 사람의 삶을 풍자한 패러디물을 전시하고 있다.','064-799-7272','하절기 08:30~20:00
동절기 08:30~19:00
※ 매표는 1시간 전까지 가능
※ 동절기의 경우 기상악화나 도로 상황 등으로 변동 있을 수 있으니 전화문의
쉬는날 연중무휴','http://www.psycheworld.net');
Insert into TEAM2.DB_DESTINATION (NO,CITY_NO,ADDRESS,LAT,LNG,NAME,DETAILS,CONTACT,OPENTIME,SITE) values (202,800,'제주특별자치도 서귀포시 표선면 돈오름로 170','33.329806','126.814917','제주허브동산','000년 부지매입을 시작으로 약 5년간 59,504m²(18,000평)의 대지 위에 허브동산을 만들어왔다. 현재 약 180여종의 허브와 우리산하의 야생화로 채워진 각양각색의 정원들과 작은 동산들, 그리고 611.6m²(2,000평)의 체험 감귤농장 등 다양한 형태의 테마공원이 조성되어 있다. 또한 허브동산을 휘어감은 산책로, 허브관련 제품을 구입할 수 있는 허브샵, 허브를 이용한 다양한 퓨전 음식을 맛볼 수 있는 카페, 허브에 대한 지식과 정보를 공유하고 더욱 다양한 체험을 할 수 있는 허브체험관 등의 시설이 잘 구비되어 있어 연인 및 가족단위 혹은 기업의 단체에서 자연학습 및 데이트 코스, 워크샵 등 여러가지 목적으로 이용 가능한 편안한 휴식처가 될 것이다. 그리고 허브 동산의 매력을 만끽할 수 있도록 설계된 6개동의 각 숙소들은 허브정원 사이에 자리를 잡고 쾌적하고 안락한 여행이 될 수 있도록 최적의 환경을 구비하고 있다. 각 동 2층 침실 어디에서나 일출과 바다를 조망할 수 있고, 뒤로는 한라산이 한눈에 들어온다.

허브동산의 주요 테마는 “쉴休”, 봄날 오후 같은 편안하고 조용한 휴식. 번잡한 일상과 긴장된 도시 생활의 피로를 털어버리고, “몸과 마음에 쉼을 주자, 실컷 게으름을 피워도 하나 바쁠 것 없는, 느리게 사는 여유를 신이 인간에게 준 선물 가운데 마음껏 누리자.” 이것이 허브동산이 추구하는 방향이다.','064-787-7362','08:00~일몰시
연중무휴','http://www.herbdongsan.com');
Insert into TEAM2.DB_DESTINATION (NO,CITY_NO,ADDRESS,LAT,LNG,NAME,DETAILS,CONTACT,OPENTIME,SITE) values (203,800,'제주특별자치도 제주시 조천읍 북촌리 978','33.539000','126.689306','북촌 돌하르방공원','제주의 대표적인 표상이라고 할 수 있는 돌하르방
수없이 만들어져 도내외에 세워지고 지금도 보속상품으로 인기를 끌고 있지만 정작 돌하르방에 대한 정환한 사료나 이에 대한 변변한 자료가 없어 돌하르방은 돌로 만든 하르방 정도로 그냥 그렇게 알려지고 도민들도 별로 관심을 갖고 있지 않은 것이 현실이다. 도내외에 흩어져 있는 각양각색의 돌하르방을 한 곳에 모아 미학적, 학술적 가치를 새롭게 정립하고 귀중한 문화유산인 돌하르방을 영원히 보존하고 후손들에게 잘 물려주며 학생들의 학습장으로, 관광자원으로 활용할 수 있도록 돌하르방 공원을 조성하게 되었다. 돌하르방공원은 돌하르방 48기 재현공간, 돌하르방 기능설명공간, 산책로, 재해석돌하르방 전시공간(평화를 테마로 재해석된 돌하르방), 제주형정원, 체험학습장으로 조성되어 있다.

* 돌하르방을 찾아서
제주를 대표적으로 상징하는 것 중에 하나인 돌하르방은 우석목·무석목·벽수머리 옹중석 ·돌하르방 등 여러 가지 명칭으로 부르다가 1971년 지방민속자료 제2호로 지정되면서 공식 명칭이 되었다. 돌하르방은 제주목·정의현·대정현의 성문(동,서,남문) 입구에 세워졌던 것이나, 현재는 제주시내에 21기, 서울국립민속박무관 2기, 성읍 12기, 대정 13기(미완1기 포함) 도합 48기가 남아있으며 그 주요 기능은 수호신적 기능(守護神的 機能), 주술종교적 기능(呪術宗敎的機能), 위치 표식(位置標識) 및 금표적 기능(禁標的 機能) 등을 내포하고 있다. 제작된 시기는 문헌상으로 담수계(淡水契)에서 펴낸 『眈羅誌』에는 시기 1754년 (영조 30년)에 김몽규 목사가 창건했다는 기록이 전하고 있다. 돌하르방은 제주 현무암이 주는 무게감과 툭박한 표현이 어울어져 제주의 아름다움을 상징적으로 보여주고 있다. 그리고, 세계 어느 곳에서도 찾아볼 수 없는 독특한 제주 고유의 향토색을 지닌 귀중한 문화유산이라 할 수 있다.','064-782-0570','하절기(4~10월) 09:00~18:00
동절기(11~3월) 09:00~17:00 ※ 공원 사정에 따라 변동 될 수 있음','http://www.dolharbangpark.com');
Insert into TEAM2.DB_DESTINATION (NO,CITY_NO,ADDRESS,LAT,LNG,NAME,DETAILS,CONTACT,OPENTIME,SITE) values (193,700,'울산광역시 울주군 웅촌면 통천리 800','35.469306','129.239083','남창장 / 남창 옹기종기시장 (3,
8일)','남창옹기종기시장은 남창역 앞에 위치한 재래시장이다. 1916년대 정부의 인증으로 개설되어 100년의 전통과 역사를 이어오고 있다. 우리나라 유일의 옹기집산촌인 외고산 옹기마을과 가까워 옹기를 특성화한 시장으로 유명하고, 최근 2000년대 재래시장의 시설화 사업을 하면서 전통장으로서 보기 드물게 매년 더 성장하고 있다. 시장과 가까운 곳에 한반도에서 해가 가장 먼저 떠오른다는 간절곶과 국내에서 가장 큰 우체통인 소망우체통이 자리하고 있고, 남창 우시장에서 시작된 140년 전통의 선지국밥과 대운산 지하수를 옹기에서 숙성시켜서 만들어진 100년 전통의 막걸리가 남창옹기종기시장의 명물이다.','남창전통시장 상인회 052-238-3250','3, 8, 13, 18, 23, 28 일
5일장날 : 이른새벽 4시 ~ 늦은오후 9시 / 상설시장 : 오전 9시 ~','http://tour.ulju.ulsan.kr/');
Insert into TEAM2.DB_DESTINATION (NO,CITY_NO,ADDRESS,LAT,LNG,NAME,DETAILS,CONTACT,OPENTIME,SITE) values (194,700,'울산광역시 남구 수암로 234','35.524250','129.331167','야음시장','1976년에 개설된 야음시장은 60년대 부곡,용연,여천,매암동의 공업단지 조성으로 인하여 근로자등 유입인구 증가를 가져와 대단위 주거지의 배후상권으로 크게 번성하였으며, 교 통이 편리하고 야음사거리와 야음지하도 등으로 접근성이 용이하며, 인근 은행, 우체국, 병원, 스포츠센타 등과 함께 이 일대 큰 상권을 형성하고 있다. 최근 대형 할인점이 들어서 상권이 많은 위축을 받았으나, 야음사거리 4차선 대로확장으 로 인하여 접근성이 좋아졌으며, 시장2층을 주차장으로 변경하여 주차가 용이하고, 내부 수리 등으로 낙후된 시설에 대한 환경개선 등을 통하여 고객들을 많이 유치하기 위해 노력하고 있다.','052-272-8332','쉬는날 매월 15일 
(일부매장 영업)','http://tour.ulju.ulsan.kr/');
Insert into TEAM2.DB_DESTINATION (NO,CITY_NO,ADDRESS,LAT,LNG,NAME,DETAILS,CONTACT,OPENTIME,SITE) values (195,700,'울산광역시 남구 대현동 697-6','35.527083','129.320639','울산 수암시장','수암시장은 1970년초에 지상1층, 2,905㎡의 상가건물로 시작하여 점차 골목시장 형태의 점포가 늘어나 오늘날 이 일대 주요한 전통 재래시장으로 번성하고 있다. 인근에 대단위 아파트와 각 기업체 사택들이 많아 주민들로부터 많은 호응을 받아 왔으나, 최근에 인접하여 대형할인점이 들어서게 되고 과거의 낙후된 시설 그대로 시장형태 로 유지하고 있어 상권이 많이 위축되었다. 그러나, 재래시장만의 향토적인 특색과 정이 묻어나는 전통시장으로 아직까진 어머니들 의 주요 장거리문화로 남아있다. 앞으로도 시장의 경쟁력을 높이기 위하여 노후된 시설의 개ㆍ보수와 아케이드 설치등 편의시설을 확충하여 재래시장의 번영을 위하여 노력할 것을 다짐하고 있다.','052-275-4041','매월 첫째, 셋째주 일요일
(일부 점포 운영)','울산남구http://www.ulsannamgu.go.kr');
Insert into TEAM2.DB_DESTINATION (NO,CITY_NO,ADDRESS,LAT,LNG,NAME,DETAILS,CONTACT,OPENTIME,SITE) values (196,700,'울산광역시 남구 갈밭로 24','35.535778','129.343222','울산 산업공구월드','울산중심가에 위치하여 교통이 편리하고 첨단 기술에 필요한 모근 공구를 취급한다. 또한 컴퓨터 H/W와 S/W, 주변기기와 각종소모품 등을 갖춘 컴퓨터 전문 매장도 있다.','052-266-8796','08:00~20:30 (매장별 상이)
쉬는날 매주 일요일','http://www.ulsantools.com');
Insert into TEAM2.DB_DESTINATION (NO,CITY_NO,ADDRESS,LAT,LNG,NAME,DETAILS,CONTACT,OPENTIME,SITE) values (197,800,'제주특별자치도 제주시 애월읍 소길리 산224','33.404250','126.398000','말 테마파크 골프장','제주경마공원에서 제주테마파크 조성사업의 일환으로 도내 최대규모의 파크골프장을 개장하게 되었다. 

파크골프는 골프와 게이트볼을 융합한 생활스포츠로서 어린아이부터 노인에 이르기까지 남녀노소 누구나 함께 즐길 수 있는 가족형 레저스포츠이다.','제주경마공원 총무팀 (064-741-9190)
※ 문의시간 : 운영기간중 10:30~17:00','3월~11월 (12~2월 휴장)
쉬는날 매주 월요일, 화요일','http://park.kra.co.kr');
Insert into TEAM2.DB_DESTINATION (NO,CITY_NO,ADDRESS,LAT,LNG,NAME,DETAILS,CONTACT,OPENTIME,SITE) values (198,800,'제주특별자치도 제주시 용강동 산14-26','33.427694','126.603722','제주마방목지','넓은 들판에서 한가로이 풀을 뜯는 말들이 있는 평화로운 마방목지
5.16 도로를 이용하여 제주시에서 서귀포로 가다보면 산천단을 지나서 한라산 중턱쯤에 위치한 마방목지를 만나게 된다. 봉긋한 오름과 푸른 빛깔의 들판이 넓게 펼쳐져 있고 그 곳에서 뛰어노는 말들의 모습에 제주여행의 특별함을 느끼게 된다. 마방목지의 말들은 순수한 제주의 혈통 조랑말로 1986년 이후 천연기념물 347호로 지정 보호되고 있다. 작고 아담한 몸집에 성질도 온순하여 사람을 잘 따르며, 추위와 질병을 잘 이겨내는 강인함을 가지고 있다.','관광문의(관광정책과) 064-710-3314
제주특별자치도 축산진흥원 064-710-7941','문화재보호구역, 
목장 내부 출입불가
연중무휴','제주문화관광http://cyber.jeju.go.kr');
Insert into TEAM2.DB_DESTINATION (NO,CITY_NO,ADDRESS,LAT,LNG,NAME,DETAILS,CONTACT,OPENTIME,SITE) values (199,800,'제주특별자치도 서귀포시 남원읍 남위남성로 164','33.290083','126.693722','최남단체험감귤농장','최남단 체험테마공원은 약 15,000평의 농장면적으로 1~12월까지 한라봉, 가온하우스감귤, 노지귤, 천혜향, 청견, 진지향 등 다양한 품종으로 체험을 진행하고 있다. 제주초가집 나비생태공원에서는 나비들의 한살이 알, 애벌레, 번데기, 성충 등을 볼 수 있으며, 제주 토종 흑돼지가 끄는 마차를 타고 감귤나무 주위로 한바퀴 돌아서 오면 제주에서 자생하는 나비, 곤충, 파충류, 동물 등을 볼 수 있다. 또한, 토끼, 꽃사슴, 오리, 기러기, 닭, 흑돼지 먹이주기 체험도 진행한다. 
* 체험농장 : 한라봉(3~5월), 하우스감귤(2~10월), 노지감귤(10~2월)','064-764-7759','09:00 ~ 17:00
연중무휴','http://www.orangefarm.co.kr');
Insert into TEAM2.DB_DESTINATION (NO,CITY_NO,ADDRESS,LAT,LNG,NAME,DETAILS,CONTACT,OPENTIME,SITE) values (192,700,'울산광역시 울주군 언양읍 남천로 10','35.562917','129.126083','언양장 / 언양시장 (2, 7일)','언양장은 1915년 개설된 장옥형의 중형시장으로 장날은 매월 2일, 7일이다. 청도, 밀양, 동래, 양산, 경주, 영천, 그리고 울산까지 7개의 고을에서 산물이 모이는 장이라고 해서 옛날에는 7읍장이라고 불렀다. 언양장이 지금의 형태를 갖게된 것은 40여년 전으로 미나리밭을 매립하면서 기둥에 양철지붕을 얹은 것이 지금의 아케이드 역할을 했다. 한 개의 큰 장을 이루고 있던 언양장은 이때 상가건물에 들어선 매일종합시장, 남천강 건너 길따라 형성된 언양공설시장, 아케이드가 설치된 언양시장 등으로 분리됐다.','언양시장 상인회 052-262-1545 
울산종합관광안내소 052-229-6350','2, 7, 12, 17, 22, 27일
09:00 ~ 20:00
쉬는날 연중무휴','http://tour.ulju.ulsan.kr/');
Insert into TEAM2.DB_DESTINATION (NO,CITY_NO,ADDRESS,LAT,LNG,NAME,DETAILS,CONTACT,OPENTIME,SITE) values (184,700,'울산광역시 남구 옥동 산242','35.528028','129.290972','울산대공원 동물원','대공원동물원은 자라나는 어린이들이 동물과 자연을 사랑하는 아름다운 마음을 배울 수 있는 열린 자연학습 공간입니다. 10여종의 다양한 앵무새, 일본원숭이, 사막여우 등 다양한 동물들의 모습과 움직임을 가까운 거리에서 관람할 수 있어 이용객들이 동물을 더욱 깊이 이해할 수 있는 즐겁고 유익한 시간을 제공하고 있습니다. 

《전시동물 보유 현황》 포유류 : 16여종 (사막여우, 꽃사슴, 일본원숭이, 흑염소, 미어캣, 과나코, 프레리도그, 코아티, 미니당나귀, 토끼, 다람쥐, 오소리, 면양, 산양, 다마사슴, 무플론, 미니돼지) 조 류 : 23여종(청금강앵무, 홍금강앵무, 회색앵무, 왕관앵무, 카나다기러기, 흑고니, 원앙, 금계, 은계, 황금계, 장미앵무, 백공작, 청공작, 아마존앵무, 썬코뉴어, 유황앵무, 목도리앵무, 몽크앵무, 붉은우관앵무, 오리, 거위, 긴꼬리꿩)','052-226-0421','하절기(4~10월) 09:30~18:00 
동절기(11~3월) 09:30~17:00 
※ 1시간 전까지 입장','http://www.ulsanpark.com');
Insert into TEAM2.DB_DESTINATION (NO,CITY_NO,ADDRESS,LAT,LNG,NAME,DETAILS,CONTACT,OPENTIME,SITE) values (185,700,'울산광역시 남구 옥동 산138','35.528917','129.285861','솔마루길','[도심 속 60리 명품 녹색길]
산과 산, 산과 강, 사람과 자연을 이어주는 살아 숨쉬는 ''울산의 생태통로'' 솔마루길은 선암호수공원에서 시작하여 신선산, 대공원산, 문수국제양궁장, 솔마루하늘길, 삼호산, 남산으로 연결되는 24km의 ''도심 순환 산책로'' 이다. 신선산 신선정에 오르면 선암호수공원 전경을 한눈에 볼 수 있으며, 경치가 빼어나다. 대공원산 구간은 완만하고 소나무림이 울창하여 가족단위 산림욕을 즐기는데 부족함이 없으며, 도심 속 산을 연결한 산책로라 접근성이 좋고 산책코스가 다양하다.','울산광역시 남구 공원녹지과 052-226-5892','연중무휴','http://solmaru.ulsannamgu.go.kr');
Insert into TEAM2.DB_DESTINATION (NO,CITY_NO,ADDRESS,LAT,LNG,NAME,DETAILS,CONTACT,OPENTIME,SITE) values (186,700,'울산광역시 울주군 서생면 진하리 산3-5','35.380167','129.343083','진하해양레저체험교실','진하해양레저체험교실은 매년 3월~11월(9개월) 동안 서생면 진하해수욕장에서 운영된다. 울주군에서 주최하고 울주군윈드서핑연합회, 울주군요트협회, 울주군요트연합회에서 주관하는 진하해양레저체험교실에서는 딩기요트, 윈드서핑, 패들보드, 크루즈요트, 바나나보트를 체험할 수 있다.','울주군윈드서핑연합회 052-239-8469
군 해양원전과 052-229-7444','매년 3월~11월','http://cafe.daum.net/jinhasea');
Insert into TEAM2.DB_DESTINATION (NO,CITY_NO,ADDRESS,LAT,LNG,NAME,DETAILS,CONTACT,OPENTIME,SITE) values (187,700,'울산광역시 남구 선암동 490-2','35.516889','129.326250','선암호수공원','공업 용수공급을 위해 설치되어 수질보전과 안전을 이유로 1.2㎢의 유역면적 전역에 철조망이 설치되어 타지역에 비해 상대적으로 낙후됨으로써 사람이 찾지 않는 소외지역으로 전락한지 40년. 자연과 인간을 경계 지어온 지역을 철조망을 철거하고 저수지 주변의 수려한 자연경관을 활용하여 산책로 및 다양한 테마를 가진 시설물를 조성하였다.','남구청 공원녹지과 호수공원계 052-226-4851~4854','연중무휴','http://seonamlp.ulsannamgu.go.kr');
Insert into TEAM2.DB_DESTINATION (NO,CITY_NO,ADDRESS,LAT,LNG,NAME,DETAILS,CONTACT,OPENTIME,SITE) values (188,700,'울산광역시 남구 삼호동 1293','35.544722','129.293444','태화강 전망대','1963년 만들어졌으나 1995년 이후 가동하지 않는 태화취수장 및 취수탑을 한국수자원공사에서 태화강 전망대로 리모델링하고 2009년 2월 24일 개장하여 태화강의 수려한 경관과 철새관찰 그리고 시민휴식 공간으로 울산시에서 운영관리하고 있다.
* 지상 4층, 높이 28m','태화강관리단 052-229-6153','09:00~22:00
쉬는날 매월 첫째주 월요일','태화강http://taehwagang.ulsan.go.kr');
Insert into TEAM2.DB_DESTINATION (NO,CITY_NO,ADDRESS,LAT,LNG,NAME,DETAILS,CONTACT,OPENTIME,SITE) values (189,700,'울산광역시 울주군 두동면 계명로 44-34','35.710028','129.199167','한방테마파크 초락당','초락당(艸樂堂)은 한방의료를 바탕으로 하여 실시되는 한방헬스투어 전문의료기관으로서 2001년도 보건복지부 산하 한국보건산업진흥원 평가 『Health Tour to Korea』로 지정된 바 있다.
의.식.주, 의료, 휴식을 한자리에서 체험 할 수 있는 곳이며 휴양과 치료를 병행하는 곳이다. 옛날 우리의 시골집과 같은 소박함과 자연친화적이고 전원적인 분위기는 환자의 치료율 향상에 도움을 주며 정서적인 면도 배려한 진정한 휴식공간이다.','한의원 052-264-8001
황토방 및 약선식당 052-264-6741
010-8940-6741','월요일 09:00~17:00
수~금, 주말, 공휴일 09:00~18:00
쉬는날 매주 화요일, 1월 1일, 설, 추석, 하계휴가','http://www.chorakdang.com');
Insert into TEAM2.DB_DESTINATION (NO,CITY_NO,ADDRESS,LAT,LNG,NAME,DETAILS,CONTACT,OPENTIME,SITE) values (182,700,'울산광역시 중구 성안동 93','35.582722','129.326417','찜들미','찜들미의 해물찜은 대하와 꽃게, 낙지, 소라 등이 모두 들어간다. 주문할 때 매운 맛, 보통, 순한 맛으로 나누어 주문을 할 수 있는데 약간 매콤한 편이기 때문에 보통으로 시켜보는 것이 좋다. 양은 소자 기준으로 2명이 먹기 적당하다. 밑반찬은 12종류나 나오는데 맛은 보통이지만, 해물파전도 함께 나오니 푸짐한 편이다.','052-242-1811','11:30 ~ 22:00
쉬는날 매주 일요일','http://www.junggu.ulsan.kr/culture/culture01.php');
Insert into TEAM2.DB_DESTINATION (NO,CITY_NO,ADDRESS,LAT,LNG,NAME,DETAILS,CONTACT,OPENTIME,SITE) values (183,700,'울산광역시 남구 삼호동 461-3','35.548750','129.263194','울산 플레이쥬','* 도심속 동물체험 카페 플레이쥬 

울산 남구 무거동에 위치한 웰츠타워상가 214호에는 도심속에서 동물체험을 할 수 있는 카페 플레이쥬가 있다. 이곳에서는 동물을 관찰하는것 이외에도 만지고, 사진촬영 등 많은 체험과 서비스를 제공하고 있다.

울산대학교 인근에 있는 실내동물체험 카페로 50여종 동물을 직접 눈앞에서 체험하며 식,음료와 동물이 함께하는 실내동물체험카페이다.','052-967-8702','10:30~20:00 (입장마감 18:00)
쉬는날 둘째주, 넷째주 월요일','http://playzoou.co.kr');
Insert into TEAM2.DB_DESTINATION (NO,CITY_NO,ADDRESS,LAT,LNG,NAME,DETAILS,CONTACT,OPENTIME,SITE) values (190,700,'울산광역시 동구 방어동 391-14','35.483528','129.424361','방어진 활어센터','신선한 활어회를 저렴한 가격에 구입할 수 있을 뿐만아니라 주변에 시장과 횟집이 즐비하게 들어서 있고 즉석에서 회맛을 즐길 수 있어 울산시민은 물론, 관광객의 발길이 끊이지 않는 곳이다.','011-837-2859','06:00 ~ 21:30
쉬는날 매달 마지막 월요일','https://www.donggu.ulsan.kr/tour/cmm/main/mainPage.do');
Insert into TEAM2.DB_DESTINATION (NO,CITY_NO,ADDRESS,LAT,LNG,NAME,DETAILS,CONTACT,OPENTIME,SITE) values (191,700,'울산광역시 동구 동부동 310-16','35.542361','129.427194','남목시장','동구일대에서 손수 경작한 농작물과 수산물을 파는 재래시장과 공산품을 판매하는 점포들이 즐비한 현대시장이 조화를 이루고 있어 값싸고 신선한 물건을 구매하고자 하는 알뜰한 주부들이 즐겨 찾는다.','남목시장 번영회 
052-251-0986','연중무휴','https://www.donggu.ulsan.kr/tour/cmm/main/mainPage.do');
Insert into TEAM2.DB_DESTINATION (NO,CITY_NO,ADDRESS,LAT,LNG,NAME,DETAILS,CONTACT,OPENTIME,SITE) values (174,700,'울산광역시 울주군 상북면 등억리 산181','35.551333','129.040722','간월산','북쪽에 가지산을 두고 서쪽으로 재약산을 바라보며 남쪽에는 신불산과 맞닿아 있는 간월산은 동북쪽의 고헌산이 눈을 흘기며 일시에 에워싸고 있는 형국이다. 간월산은 또다른 이름으로 단조봉 또는 왕봉이라 부르기도 하나 이는 신불산을 일컫는 것으로, 잘못 알려진 것이다. 다만 정상에는 단조성이 있다는 기록에 대해 두갈래로 생각해 볼 수 있다. 간월산 주변에는 단조성과 과부성 또는 사리성이 있는데 옛날에는 취서산, 신불산, 간월산을 통틀어 취서산이라 불렀을 것이란 짐작이 간다. 그렇다면 취서산성과 연결된 성이었을 가능성도 있다. 하지만 토성으로 그 둘레가 2천자이며 성 안에는 두 개의 우물이 있었다고 전한다. 임진왜란 당시에 언양지방의 의사들이 왜병의 공격을 받아 많은 희생자를 냈다는데 성의 이름도 여기서 연유한 것이 아닌가 싶다. 

간월산은 주말이면 부산, 경남 산악인들이 즐겨 찾는 곳으로 8월 초면 정상 주변의 키작은 억새와 어울린 산나리꽃이 만발해 장관을 연출한다. 긴둥재 아래 동쪽으로 저승골을 비롯, 천길바윗골이 간월골짜기를 이루면서 태화강으로 흘러들어 울산평야를 살찌게 하고 있다. 서쪽으로 내리정과 왕봉골 등 깊은 골짜기를 파놓아 사철 마르지 않는 청정수를 배내골로 흘러보낸다. 그래서 여름이면 간월산에서 흐르는 골짜기마다 더위를 피해 찾아온 야영객과 피서인파가 북적댄다. 간월고개에서 파래소쪽 왕봉골의 신간로를 따라 내려가다 보면 죽림굴이라는 천연동굴이 있는데 지금은 천주교 성지로 많은 가톨릭 신자들이 찾는 곳이다. 특히 간월산 일대는 천주교의 박해를 피해 온 신자들이 세운 영남 최초의 공소가 불당골(간월골)에 있었다. 그리고 간월골에는 박해로 병사한 동정녀 김아가다의 묘도 있다.','울주군 산림공원과 
052-229-7882~3','* 산불예방, 자연경관 유지 및 기타 산림보호를 위하여 정해진 구역에 한하여 입산을 통제함
매년 2월 1일 ~ 5월 15일(봄철) / 매년 11월 1일 ~12월 15일(가을철)
※ 기상현황에 따라 기간은 변동 될 수 있음','주문화관광http://tour.ulju.ulsan.kr');
Insert into TEAM2.DB_DESTINATION (NO,CITY_NO,ADDRESS,LAT,LNG,NAME,DETAILS,CONTACT,OPENTIME,SITE) values (175,700,'울산광역시 울주군 범서읍 두산로 52','35.591944','129.271306','울산 들꽃학습원','들꽃학습원은 초,중,고등학교에서 나오는 교재식물과 울산주변에서 자생하는 야생화를 심어 학생들에게 우리꽃의 아름다움과 소중함을 일깨우는 자연친화적인 교육을 하며, 교원은 교재식물에 대한 연수장소이며 시민의 휴식공간이다. 
면적 : 26,072㎡ 
식물 : 초화류, 수목류, 작물류 총 800여종 
연못 : 수서곤충, 수생식물','052-211-9163~4','09:00~18:00 
※ 화, 금 08:30 ~ 17:30
쉬는날 월요일','http://uwf.ulsanedu.kr');
Insert into TEAM2.DB_DESTINATION (NO,CITY_NO,ADDRESS,LAT,LNG,NAME,DETAILS,CONTACT,OPENTIME,SITE) values (176,700,'울산광역시 남구 삼산동 1479-7','35.538778','129.337194','80hotel (울산 삼산점)','80년대의 고급스러운 펍 느낌을 살리기 위하여 다양한 빈티지 소품을 이용한 인테리어가 눈에 띈다. 삼산동 롯데호텔 인근에 위치하여 교통이 편리하고, 관광객들이 이용하기에 좋다. 넓은 테라스에서 분위기 있는 식사를 즐길 수 있는 공간이다.','052-261-0666','11:00 ~ 23:00
연중무휴','http://www.80hotel.co.kr');
Insert into TEAM2.DB_DESTINATION (NO,CITY_NO,ADDRESS,LAT,LNG,NAME,DETAILS,CONTACT,OPENTIME,SITE) values (177,700,'울산광역시 울주군 상북면 이천리 733','35.527056','129.009778','베네치아 펜션','영남의 알프스라 불리는 신불산 도립공원에 위치한 향토요리전문점이다. 배내골이라 불리는 일급수 단장천에 접면해 있어 여름에는 물놀이 야유회 장소로도 유명하며 대표적 음식으로는 흑염소요리와 오리불고기, 백숙이다. 음식점 외에도 회의실과 노래연습장, 펜션을 갖추고 있어 회사 워크샵과 단체야유회로도 많이 알려져있다.','052-264-8187 / 052-264-8188','08:00 ~ 20:00
연중무휴','http://www.vene.kr');
Insert into TEAM2.DB_DESTINATION (NO,CITY_NO,ADDRESS,LAT,LNG,NAME,DETAILS,CONTACT,OPENTIME,SITE) values (178,700,'울산광역시 남구 매암동 220-40','35.503361','129.379833','고래막집','[울산 남구 매암동에 있는 고래요리 전문 고래막집]
고래막집은 울산 남구 매암동에 있는 고래요리 전문점이다. 다양한 종류의 고래요리를 제공한다. 음식점이 위치한 울산 남구는 2008년 7월 정부로부터 장생포 고래문화특구 지정을 받았으며, 2011년11월 부터 고래밥상을 개발하여 2013년 6월 특허청으로부터 상표인정을 받아 고래박물관, 고래생태체험관, 고래바다여행선 등 고래관광 문화컨텐츠와 더불어 한국의 대표적인 고래관광도시로 발전시키는 디딤돌이 되고 있다.
메뉴로는 고래밥상, 범고래밥상, 아기고래밥상, 고래정식이 있으며, 보급메뉴는 고래비빔밥과 고래정식이다. 취급업소는 12개소(고래전문점 10개, 기타 2개)이다.','고래막집 052-266-1585
울산남구 위생과 052-226-5721','09:00 ~ 22:00
쉬는날 연중무휴','http://www.whalecity.kr');
Insert into TEAM2.DB_DESTINATION (NO,CITY_NO,ADDRESS,LAT,LNG,NAME,DETAILS,CONTACT,OPENTIME,SITE) values (179,700,'울산광역시 남구 삼산동 1521-1','35.539500','129.335750','홍보석(울산점)','홍보석(울산점)은 울산 남구 삼산동 현대백화점 울산점 12층에 위치한 중국요리 전문점이다. 코스요리 및 다양한 중국요리를 맛볼 수 있다.','052-228-0922','11:30 ~ 22:00
쉬는날 백화점 휴무일','http://www.ulsannamgu.go.kr/cmm/main/mainPage.do');
Insert into TEAM2.DB_DESTINATION (NO,CITY_NO,ADDRESS,LAT,LNG,NAME,DETAILS,CONTACT,OPENTIME,SITE) values (180,700,'울산광역시 남구 번영로156번길 4','35.539194','129.328333','지대루참숯왕소금구이','지대루참숯왕소금구이는 고령공판장 18번 중도매인이 직영하는 업소이며, 순수 국내산 생고기만을 취급하고 있다. 품질등급 엄선하여 소비자에게 저렴한 가격으로 양질의 서비스와 함께 제공한다.','052-227-3398','11:00 ~ 23:00
쉬는날 명절연휴 휴무','http://www.ulsannamgu.go.kr/cmm/main/mainPage.do');
Insert into TEAM2.DB_DESTINATION (NO,CITY_NO,ADDRESS,LAT,LNG,NAME,DETAILS,CONTACT,OPENTIME,SITE) values (181,700,'울산광역시 울주군 상북면 산전리 50-4','35.604333','129.096222','도동산방','넓은 대지 위에 자리잡은 도동산방은 전통한옥 5채로 이루어져 있다. 격조 높은 한정식을 즐길 수 있으며 다실(차실)이 별도로 마련되어 있어 식사 후 차를 즐길 수도 있다. 동절기를 제외한 다른 시즌에는 한 달에 한번 떡메치기 행사가 준비되어 있어 직접 떡메를 쳐서 만든 떡을 먹어볼 수 있는 이벤트가 마련되어 있다.
그 외 전통문화상품관, 전통 수제떡 판매관(수제떡 부문 신지식인 보유), 전통문화체험 프로그램 (전통혼례, 한국음식, 놀이문화체험)이 준비되어 있다.','052-254-7076','12:00 ~ 21:00 (주문마감 19:30)
쉬는날 매주 월요일','http://cafe.naver.com/corecook');
Insert into TEAM2.DB_DESTINATION (NO,CITY_NO,ADDRESS,LAT,LNG,NAME,DETAILS,CONTACT,OPENTIME,SITE) values (170,700,'울산광역시 울주군 상북면 덕현리 232-2','35.621722','129.032778','석남사(울산)','석남사(石南寺)는 가지산(迦智山) 혹은 석안산(石眼山)이라고 하는 산의 남쪽에 있다하여 석남사(石南寺)라 하였다는 이야기가 전해오고 있다. 지금으로부터 1200여년 전 신라 헌덕왕 16년(824년) 도의국사의 창건이래 여러 차례 중건 중수를 거듭하다가 임진왜란 때 소실되고 그후 1674년 조선 현종 15년 탁영(卓靈), 선철(善哲)선사(禪師)등에 의하여 중건되었으며 다시 1803년 순조 3년에 침허(枕虛) 수일(守一)선사 등에 의하여 중수되었다. 1912년 우운(友雲)스님에 의하여 다시 중수된 바 있으며 1957년 비구니(比丘尼) 인홍스님께서 주지로 부임하신 이래 각 당우를 일신하여 현재에 이르렀으며, 건물 동수가 모두 30여동이며, 대한 불교조계종 산하 80여개의 선원 중 문경 봉암사와 더불어 종립특별선원(宗立特別禪院)으로 널리 알려져 있다. 

우리나라의 남종선 시조는 도의(道義) 선사다. 도의는 37년 동안의 중국에서 수행정진 끝에 금의환향하였지만 고국에서는 아직 그의 혁신 이념을 받아들이지 못했다. 그래서 설악산 진전사(陳田寺)에 들어가 제자를 기르며 때를 기다리다가, 가지산으로 내려와 창건한 선찰이 석남사다. 이곳은 비구니들의 수도처로서 많은 비구니들이 정진하고 있다. 이곳의 삼층석탑은 824년에 도의가 호국의 염원 아래 2층 기단 위에 3층으로 세운 것이며 원래는 대웅전 앞에 있었으나 1973년에 현재 위치로 옮겨 세웠다. 절 경내에는 울주 석남사 승탑(보물 제369호), 3층 석가사리탑, 3층석탑(지방유형문화재 제5호), 석남사 수조(문화재자료 제4호)등의 유물이 보존되어 있다.

* 울주 석남사 승탑(보물 제369호/1963.01.21)
시대 : 통일신라 
승탑은 이름난 스님들의 유골을 모시기 위해 세운 돌탑을 말한다. 이 승탑은 높이 3.53m에 이르는 팔각 원당형으로 도의국사의 사리탑이라고 전한다. 통일신라 말기 승탑 양식을 잘 갖추고 있는 뛰어난 작품이다.

[석남사 삼층석탑]
- 지정현황 : 울산광역시 유형문화재 제5호(1997년 10월 9일 지정)
석남사 삼층석탑은 2층으로된 기단 (基壇) 위에 세운 3층 석탑이다. 원래는 대웅전 앞에 있었으나, 1973년에 현재 위치로 옮겨 세웠다. 높이 2.5m로 규모는 작으나, 통일 신라시대의 일반적 양식을 따르고 있다.기단의 아래층은 일부가 땅에 묻혀 있는데, 모서리의 각을 줄여 둥글게 처리했다. 상륜부(相輪部)는 노반석(露盤石), 앙화(仰花 : 위로 향한 꽃), 보륜(寶輪), 보개(寶蓋) 등을 갖추고 있다.
* 크기 - 높이 2.5m','052-264-8900','일출시~일몰시
쉬는날 연중무휴','http://www.seoknamsa.or.kr');
Insert into TEAM2.DB_DESTINATION (NO,CITY_NO,ADDRESS,LAT,LNG,NAME,DETAILS,CONTACT,OPENTIME,SITE) values (171,700,'울산광역시 남구 장생포고래로 250','35.502750','129.380778','장생포 고래생태체험관','고래생태체험관은 울산광역시 남구 장생포 해양공원 내에 있는 돌고래수족관이다. 어류수족관에서는 크고 작은 신기한 담수 열대어와 다양한 해수 열대어, 상어와 바다거북들이 살고 있다. 해저터널에서는 실제 돌고래들을 만날 수 있으며, 돌고래와 관련된 다양한 프로그램이 준비되어 있다. 또한, 4D영상관에는 생동감 넘치는 고래 애니메이션을 관람할 수 있으며, 체험동물원에는 다양한 소동물들을 만져보고 먹이도 줄 수 있는 체험이 가능하다.','052-256-6301','관람시간 09:30~18:00
매표시간 09:30~17:30
쉬는날 설ㆍ추석 당일, 매주 월요일, 공휴일 다음날, 공휴일이 토ㆍ일요일인 경우 또는 공휴일 다음날이 토요일인 경우 다음주 목요일','http://www.whalecity.kr');
Insert into TEAM2.DB_DESTINATION (NO,CITY_NO,ADDRESS,LAT,LNG,NAME,DETAILS,CONTACT,OPENTIME,SITE) values (172,700,'울산광역시 중구 동동 602','35.574667','129.347500','외솔 최현배선생 생가 기념관','외솔 최현배 선생은 울산에서 태어나 ‘한글 맞춤법 토일안’ 제정에 주도적으로 참여했으며 많은저서를 통한 끊임없는 창의적 우리말 글 펴기에 전력을 다함으로써 한글 문화 창조와 문자의 과학화하고, 한글 세대 형성에 앞장을 섰다.','052-290-4828','09:00~18:00
쉬는날 매주 월요일','울산중구청http://www.junggu.ulsan.kr');
Insert into TEAM2.DB_DESTINATION (NO,CITY_NO,ADDRESS,LAT,LNG,NAME,DETAILS,CONTACT,OPENTIME,SITE) values (173,700,'울산광역시 북구 당사동 116-6','35.595250','129.462833','정자.당사마을 
[해양수산부 선정 아름다운 어촌]','천혜의 해안경관과 탁 트인 넓은 시야의 해변이 있어 울산의 해맞이 감상 최적지로 손꼽히는 강동 해변. 청정해역과 바위절경, 몽돌 흑자갈 등 수려한 해안자연경관을 지니고 있다. 어촌계에서 운영하는 활어직판장에서 싱싱한 회를 맛볼 수 있고, 국도 31호선을 따라 경주, 감포까지 이어지는 해안 드라이브코스도 일품으로 피서철에는 관광객들의 발길이 끊이지 않는 관광명소이다.','울산종합관광안내소 052-229-6350','연중무휴','울산관광가이드http://guide.ulsan.go.kr');
Insert into TEAM2.DB_DESTINATION (NO,CITY_NO,ADDRESS,LAT,LNG,NAME,DETAILS,CONTACT,OPENTIME,SITE) values (167,600,'광주광역시 서구 양동 263-6','35.154306','126.901306','광주 양동시장','1910년대에 광주교 아래 백사장에서 달마다 2일과 7일에 열렸던 장이 양동시장의 기원이다. 일제강점기 때인 1940년, 신사 주변 정리사업의 일환으로 장이 현재의 위치로 이전하여 오늘에 이른다. 1969년 12월 이전에는 시영시장으로 운영되다가 그 후부터 민영시장으로 바뀌었다. 1972년에 시장 옆에 복개상가가 생겼고, 지금은 현대적인 시설로 깔끔하게 정비되어 있다. 건물은 4개동으로 구성되어 있으며 농산물, 수산물, 공산품, 기타 물품을 취급하는 점포가 340여 개 있다. 양동시장은 특히 제수용품이나 혼수용품으로 유명하다. 4월~9월에는 첫째·셋째 주 일요일이 정기휴일이고, 10~3월에는 휴일이 없다. 

5·18민주화운동 때 이곳 양동시장과 대인시장은 광주시민이 하나 되는 대동정신을 발휘했던 장소였다. 당시 상인들은 시민군에게 주먹밥과 음료수, 약품 등을 제공하며 시민군을 지원하고 격려하였다. 양동시장에서 유명한 점포는 일명 노무현국밥집으로 알려진 하나분식이라는 상호의 음식점이다. 2002년 12월 14일 노무현대통령이 대선 5일 전에 시장을 방문했을 때 이곳의 국밥을 남김없이 비웠다 하여 유명해졌다.','062-362-2042','채소가게 03:00~21:00, 공산품가게 09:00~21:00
쉬는날 4월~9월 (첫, 셋째주 일요일)','http://utour.gwangju.go.kr/index.do?S=S01');
Insert into TEAM2.DB_DESTINATION (NO,CITY_NO,ADDRESS,LAT,LNG,NAME,DETAILS,CONTACT,OPENTIME,SITE) values (168,600,'광주광역시 동구 궁동 13','35.151167','126.918806','광주 예술의 거리','* 광주의 대학로? 광주 예술의 거리 *
서울의 대학로와 인사동 거리, 부산의 Piff 거리 등 지방마다 도시의 특색을 살린 거리가 존재한다. 광주광역시를 대표하는 거리는 바로 광주 예술의 거리이다.
 
예술의 거리는 호남문화와 예술의 중심지인 예향 광주의 전통을 계승 발전시키기 위해 조성됐다. 현재 동호인의 편의도모를 위해 서화, 도자기, 공예품 등 이 지방 예술의 상징적 작품을 집산하여 전시, 판매하고 있으며, 한국화, 서예, 남도창을 중심으로 한 남도예술의 진수를 누구나 손쉽게 접할 수 있는 명소이다.
 
광주동부경찰서 앞에서 중앙초등학교 뒤편 사거리에 이르는 이곳을 두루 돌아보는데 구경만 하면 1시간 정도, 매장에 들어가서 감상하면 2시간 정도 소요되는데, 광주가 초행이면 꼭 들러볼 만한 곳이다.
 
* 예술의 거리를 제대로 보려면 토요일에 방문 *
그 이유는 매주 토요일 예술의 거리가 ‘차 없는 거리’로 지정되기 때문이다. 300m 정도 길이의 길에 차가 없이 문화행사가 펼쳐지지 더욱 활기를 띠기 마련. 또한 1달에 1차례는 남도문화예술진흥회가 주축이 된 음악회, 빛의 축제, 언더그라운드 공연, 캐릭터 문화 상품전, 빛의 축제 등이 열려 예술의 거리를 활성화시키고 있다. 또한 2015년 7월 광주에서는 <광주 하계 유니버시아드가 개최된다.','동구청 문화관광과(예술의거리) 062-608-2326','연중무휴','광주문화관광http://utour.gwangju.go.kr');
Insert into TEAM2.DB_DESTINATION (NO,CITY_NO,ADDRESS,LAT,LNG,NAME,DETAILS,CONTACT,OPENTIME,SITE) values (169,700,'울산광역시 울주군 상북면 억새벌길 200-78','35.542611','129.022361','국립 신불산폭포자연휴양림','신불산폭포 자연휴양림 계곡은 파래소 폭포가 유명한 곳이다. 이곳은 옛날부터 기우제를 지내던 곳으로 바라던 대로 이루어진다고 하여 ''바래소''라 불리웠으며 그 이름에서 유래되어 ''파래소''라는 지명이 붙게 되었다. 지금도 소망을 비는 사람들의 내왕이 잦은 곳이다. 6.25 당시는 치열한 격전장으로서 현재 전망대가 위치한 장소가 당시의 지휘소였다고 하며, 신불산(1,209m), 간월산(1,080m) 등이 바라보이는 사방이 탁 트인 곳이다. 옛날부터 시인 묵객이 즐겨 찾던 곳이며, 중추절에는 언양 주변 아낙네들이 모여 하루를 즐기던 곳으로, 주변에는 신라시대의 고찰로 유명한 석남사가 있다.

※ 신불산폭포자연휴양림은 상단지구, 하단지구로 나뉘어져 있다. (상 · 하단간 8km, 자동차로 이동시 20～25분 가량 소요)
* 구역면적 - 1,305㏊','상단 052-254-2124
하단 052-254-2123','[일일개장] 09:00~18:00 
[숙박시설] 당일 15:00~익일 12:00','http://www.huyang.go.kr');
Insert into TEAM2.DB_DESTINATION (NO,CITY_NO,ADDRESS,LAT,LNG,NAME,DETAILS,CONTACT,OPENTIME,SITE) values (161,600,'광주광역시 북구 생용동 산127-2','35.223694','126.891528','광주패밀리랜드 눈썰매장','호남 최대 길이의 썰매장, 광주패밀리랜드 눈썰매장

광주패밀리랜드는 호남 지방 최대의 종합 위락공원으로 1991년 7월 6일 문을 열었다. 울창한 자연림과 저수지 등 자연조건이 빼어나 주변 전체가 우치공원으로 조성되어 있으며, 36만평의 대지 위에 35기종의 신나는 놀이기종, 동물원, 썰매장, 체육시설을 갖추고 있다.

또한 호남 최대길이를 자랑하는 사계절 썰매장은 봄, 여름, 가을엔 물썰매장으로 겨울엔 눈썰매장으로 더욱더 편하게 이용하시도록 에스컬레이터를 설치하고 있다.

패밀리랜드 100배 즐기기
패밀리랜드에는 다양한 놀이시설이 조성되어 있으며 코스에 따라 연인코스, 가족코스, 어린이 코스 등으로 나누어 이용할 수 있다. 우선 연인코스는 청룡열차, 카오스, 바이킹, 나는썰매, 박치기왕, 타가디스코, 나는그네 등으로 연인들이 함께 즐기면 좋을 놀이기구들이다. 가족코스는 패밀리열차, 사막의 폭풍, 타팀머신 등 가족 단위로 아이와 부모가 함께 즐기면 좋은 놀이기구이다. 이외에 어린이범퍼카, 꼬마비행기, 우주탐험대, 꼬마레이서 등 어린이 전용 놀이기구도 구비되어 있다.','062-607-8000','2015년 12월 ~ 2016년 2월','http://광주패밀리랜드.com');
Insert into TEAM2.DB_DESTINATION (NO,CITY_NO,ADDRESS,LAT,LNG,NAME,DETAILS,CONTACT,OPENTIME,SITE) values (162,600,'광주광역시 동구 대인동 310-9','35.154111','126.916694','광주 대인시장 (대인예술시장)','광주 대인시장은 1959년 5월에 공설시장으로 개장하였다. 활기차고 붐비던 시장이 도시계획에 따라 인근에 있던 역과 터미널이 이전하면서 시장을 방문하는 사람이 줄고 자연스래 운영 점포도 줄어들었다. 문닫는 상점이 늘어나는 시장에 다시 활기가 들어서기 시작한 것은 2008년 예술가들의 ''복덕방 프로젝트''를 시작하면서 이다. 빈 점포는 예술가들의 작업실과 사무실, 공방으로 변화하였고, 시장의 분위기도 변화하였다. 매월 둘째, 넷째주 금요일, 토요일에는 야시장을 개최하며, 시장과 예술이 함께하는 다양한 프로그램을 접할 수 있다. 이러한 광주 대인시장은 2013년도 부터 2015년도 까지도 문화관광형시장으로 선정되었다.','062-233-1421','10:30 ~ 20:00
연중무휴','http://blog.naver.com/daeinwork');
Insert into TEAM2.DB_DESTINATION (NO,CITY_NO,ADDRESS,LAT,LNG,NAME,DETAILS,CONTACT,OPENTIME,SITE) values (163,600,'광주광역시 북구 풍향동 602-28','35.166028','126.919944','서방시장','광주 최초의 ''싸전'' 서방시장이 문을 연 것은 1966년이었다. 지금과 마찬가지로 담양, 곡성, 화순, 함평, 멀리서는 순창에 이르는 교통의 길목이었던 이곳에 각 지방의 미곡상 등이 모여 서방시장은 시작되었다. 처음 이곳은 주변이 모두 논밭이어서 허허벌판 가운데 판자촌처럼 목재를 지어 천막을 씌운 형태로 미곡상이 32곳, 그들을 위한 중개업소 10여군데 그외 갖가지 한물을 파는 60여 점의 점포를 포함하여 모두 100여 점에 달하는 2천 평 규모의 제법 큰장이었다. 그 당시엔 큰장, 작은 장 형태로 2, 4, 7, 9일에만 장이 서는 형태였고 정식가게에 입주해 있던 미곡상 몇 곳만이 매일장을 열었다. 또 양동시장이나 대인시장 다음으로 큰 장이었던 1967년경 서방시장은 광주시내 유일한 미곡 전문장으로 미곡이 정부 양곡허가제도하에 있던 70년 초까지 최고의 호황기를 맞았다.','풍향동주민센터 062-410-8725','연중무휴','http://culture.bukgu.gwangju.kr/');
Insert into TEAM2.DB_DESTINATION (NO,CITY_NO,ADDRESS,LAT,LNG,NAME,DETAILS,CONTACT,OPENTIME,SITE) values (164,600,'광주광역시 동구 예술길 18','35.150167','126.918194','진다리붓판매전시장','광주의 특산물 가운데 으뜸은 단연 진다리 붓이다. 진다리는 백운동의 옛 지명으로 안종선씨의 조부가 진다리에 정착하여 붓을 만들면서부터 유명해 졌다. 현재 지방무형문화재 제4 호로 지정된 안옹(安翁)은 족제비 꼬리털과 양털을 재료로 하여 국내 최고품질의 붓을 만들 어 전국적으로 서예가들의 호평을 받고 있다.','062-225-1783','연중무휴','http://utour.gwangju.go.kr/index.do?S=S01');
Insert into TEAM2.DB_DESTINATION (NO,CITY_NO,ADDRESS,LAT,LNG,NAME,DETAILS,CONTACT,OPENTIME,SITE) values (165,600,'광주광역시 동구 불로동 23','35.146389','126.914194','금남로지하상가','도청앞에서 시작하여 (구)광주은행사거리까지 연결된 금남로 지하상가는 각종 의류 및 대규모 쇼핑공간으로써, 유동인구/쇼핑인구가 많으며, 만남의 광장은 광주시민들의 휴식공간으로써 시민들의 사랑을 받고 있다.','062-227-1535','연중무휴','http://utour.gwangju.go.kr/index.do?S=S01');
Insert into TEAM2.DB_DESTINATION (NO,CITY_NO,ADDRESS,LAT,LNG,NAME,DETAILS,CONTACT,OPENTIME,SITE) values (166,600,'광주광역시 북구 서방로81번길 27','35.172833','126.921917','말바우장 / 말바우시장 (2, 4, 7,
9일)','광주 북구의 대표적 전통시장인 말바우시장은 말 발자국 모양의 바위(말바우)가 있었다고 하여 이름 붙여진 시장이다.  50년 넘는 전통을 자랑하는 말바우시장은 조선중기 무등산을 배경으로 활약했던 의병 김덕령 장군이 활을 쏜다음 말을타고 화살보다 빠르게 달렸는데 그때 말의 발자국이 바위에 찍혔다고 한다. 현재 그 말바위는 없어지고 건물들이 들어섰는데 그 건물 사이 골목을 중심으로 장터가 형성되었다. 2005년 광주시 북구청으로 부터 인정시장으로 등록되어 담양, 장성, 곡성, 순창 등에서 찾아올 정도로 전통과 명성이 깊은 시장이다.장날은 2,4,7,9날이다.','062-262-4082','2, 4, 7, 9 일','http://culture.bukgu.gwangju.kr/');
Insert into TEAM2.DB_DESTINATION (NO,CITY_NO,ADDRESS,LAT,LNG,NAME,DETAILS,CONTACT,OPENTIME,SITE) values (156,600,'광주광역시 북구 생용동 107-1','35.225056','126.899250','광주패밀리랜드수영장(실외)','1991년 7월 개장한 "꿈과 행복의 나라" 광주패밀리랜드는 36만평의 대지위에 35기종의 신나는 놀이기종, 동물원, 썰매장, 체육시설을 갖춘 호남최대의 종합위락공원이다. 체육시설로는 봄·가을 롤러스케이트장, 여름철 야외 수영장, 겨울철 야외 스케이트를 개장하여 이 지역 스포츠 인구의 저변확대 및 활성화에 일익을 담당하고 있다. 스케이트장의 경우 2,500m관을 바닥에 깔고 프레온가스를 이용한 액강제 순환방식으로 얼음을 얼리고 있어 영상15도까지도 스케이팅을 할 수 있도록 그늘막이 설치되어 있다. 사각의 링크장에 안전하게 스케이팅을 할 수 있도록 보호벽(안전휀스)이 설치되어 있으며 캐나다에서 직수입한 최신형 올림피아 빙질관리기로 항상 최상의 빙질상태를 유지하고 있다.','062-607-8000','7월 중순 ~ 8월 하순','http://광주패밀리랜드.com');
Insert into TEAM2.DB_DESTINATION (NO,CITY_NO,ADDRESS,LAT,LNG,NAME,DETAILS,CONTACT,OPENTIME,SITE) values (157,600,'광주광역시 동구 운림동 산132-14','35.123500','126.991639','무등산 주상절리대','주상절리는 용암이 식을 때 수축되어 생기는 절리 중에 단면의 형태가 오각형이나 육각형의 기둥모양인 것을 말한다. 무등산 주상절리는 약 7천 만 년 전에 형성된 것으로 서석대, 입석대, 규봉이 대표적이다. 입석대, 규봉은 풍화가 많이 진행되어 기둥모양이지만 서석대는 풍화가 덜 진행되어 병풍모양을 하고 있다. 정상을 중심으로 산비탈에 있는 너덜겅은 이러한 돌기둥이 무너져 쌓인 것이다. 서있는 바위나, 너덜겅들은 암석의 생성과 풍화과정을 살펴볼 수 있는 희귀한 자연유적이므로 서석대와 입석대를 천연기념물로 지정하였다.

시대 - 선사시대
수량/면적 - 107,800㎡(지정구역)','무등산국립공원사무소 062-227-1187
무등산국립공원동부사무소 061-371-1187','연중무휴','무등산국립공원http://mudeung.knps.or.kr무등산생태문화관리사무소http://mudeungsan.gjcity.net');
Insert into TEAM2.DB_DESTINATION (NO,CITY_NO,ADDRESS,LAT,LNG,NAME,DETAILS,CONTACT,OPENTIME,SITE) values (158,600,'광주광역시 광산구 소촌동 산4-1','35.145417','126.799472','송정공원','* 주민들의 아늑한 휴식처, 송정공원 *
송정 주민과 광산 구민의 휴식 공간인 송정공원은 금봉산 자락에 위치하고 있다. 또한, 이 지역은 광산구의 영지(靈地, 신령스러운 땅)로서 현충탑(顯忠塔), 노인당, 공립 송정도서관이 있으며 봄이면 온 산을 벚꽃이 뒤덮어 상춘객의 발길이 끊어지지 않으며 여름에는 녹음이 좋고 가을 단풍 또한 버릴 수가 없다.','공원녹지과 062-960-8705','연중무휴 24시간','광산구문화관광http://culture.gwangsan.go.kr');
Insert into TEAM2.DB_DESTINATION (NO,CITY_NO,ADDRESS,LAT,LNG,NAME,DETAILS,CONTACT,OPENTIME,SITE) values (159,600,'광주광역시 서구 상무1동 산1','35.155667','126.857222','5·18 기념공원','* 5·18의 교훈을 올바르게 계승하기 위해 조성된 공간, 5·18 기념공원 *
5·18 기념공원은 5·18의 교훈을 올바르게 계승, 발전하기 위해 조성된 시민 휴식공간으로, 상무대 이전부지 일부를 시민공원부지로 무상양여 받아 공원을 조성하였다.

이곳은 넓이는 20만 4,985㎡로 전통연못과 다양한 수목들이 자리하고 있어 아이들의 자연학습장으로도 널리 활용되고 있기도 하다. 
 
* 기념공원의 시설과 볼거리 *
5.18 기념공원에는  5·18자료실과 공연·행사시설을 갖춘 5·18기념문화관, 시민군조각상·추모공간 등으로 구성된 5·18현황조각 및 추모승화공간, 5·18정신을 상징적으로 나타낸 원형 분수공간을 갖춘 대동광장이 있다.

5·18민주화운동학생기념탑과 광주학생교육문화회관도 있으며, 공원 정상에는 전망대 역할을 하는 3층 누각인 오월대가 있다. 그밖에 사찰 무각사와 잔디광장, 산책로 등이 있다.','5·18 기념문화관 062-376-5197','연중무휴','5·18기념재단http://www.518.org');
Insert into TEAM2.DB_DESTINATION (NO,CITY_NO,ADDRESS,LAT,LNG,NAME,DETAILS,CONTACT,OPENTIME,SITE) values (160,600,'광주광역시 북구 설죽로 477','35.201833','126.898556','남도향토음식박물관·호남문화자료전시관','* 남도음식문화와 향토문화를 계승하는 곳, 남도향토음식박물관·호남문화자료전시관 *
남도하면 향토음식과 소리 그리고 예로부터 내려오는 아름다운 전통들이다. 고을마다 전통음식들이 즐비하며 꿋꿋하게 맥을 이어오고 있다. 이는 충효의 근본 뿌리가 살아 숨쉬기 때문이며, 세계적으로도 남도와 같은 고장을 찾을 수 없을 것이다. 남도향토음식박물관은 남도의 맛과 남도인의 숨결이 배인 향토음식을 보존·계발하기 위해 만들어진 박물관이다.

주요 시설물로는 남도향토음식과 관련된 음식의 위탁 · 주문판매를 하는 뮤지엄샵, 향토음식 관련 기획전시 및 문화예술분야 각종 초대전이 열리는 기획전시실, 남도지방의 향토음식을 소개하는 남도향토음식상설전시실, 박물관의 시설문 안내 및 각종 홍보 영상물 등을 볼 수 있는 뮤지엄스튜디오, 문향(文鄕)·의향(義鄕)·예향(藝鄕)의 호남문화를 한눈에 볼 수 있는 호남문화자료전시관, 문화예술분야의 각종 전문강좌 및 회의 장소로 활용되는 세미나실 등이 있다. 또한, 전통음식강좌를 개설하여 옛 음식문화를 접할 수 있는 기회를 함께 제공하며, 호남문화자료전시관을 동시에 운영하여 나라를 위한 선인들의 혼을 기리고 호남인의 자긍심과 긍지를 갖도록 하였다. 전통음식강좌로는 폐백 · 이바지, 떡 · 한과 초급 · 고급, 향토음식과정이 있고, 어린이체험, 일반인체험, 주말체험 등 전통음식만들기 체험프로그램을 운영 각 분야의 전문적인 강사님들의 초청 강의를 맡고 있다.

* 다식판과 무등산을 토대로 만들었다? 박물관건축물의 특징 *
박물관 건물은 음식박물관이라는 테마에 어울리게 떡모양을 만드는데 사용하는 다식판의 길쭉한 사각형 모양과 광주의 상징인 무등산 입석대의 모습으로 디자인 되었다. 또한, 오방색(청색, 백색, 적색, 흑색, 황색)으로 건물 벽면을 장식하였으며, 오방색은 방위, 계절, 장기, 맛, 감정, 사상 등을 의미하고 있다. 오방색과 다식판, 무등산 입석대의 조화로운 모습은 전통과 현대의 방식이 잘 조화된 건축물이다.','062-575-8883, 8843','평일, 토, 일요일 09:00~18:00
쉬는날 매주 월요일, 토·일요일 제외한 공휴일','남도향토음식박물관·호남문화자료전시관http://namdofoodmuseum.go.kr');
Insert into TEAM2.DB_DESTINATION (NO,CITY_NO,ADDRESS,LAT,LNG,NAME,DETAILS,CONTACT,OPENTIME,SITE) values (149,600,'광주광역시 서구 상무1동 1314-4','35.160944','126.856556','빌리지 브런치 카페','광주광역시청에 인접한 브런치 및 샌드위치 전문점이다. 시청 야외주차장을 이용할 수 있으며 가게까지 도보로 5분 이내에 위치하였으며 또한 가게 주변에 주차가 가능하다. 분위기와 함께 모든소스는 수입품을 사용하고 있어 맛이 외국에서 먹는것 이상으로 느낌을 즐길수 있는 카페타입의 1층 브런치 전문점이다.','070-8830-1355','10:00 ~ 23:00
쉬는날 둘째·넷째 수요일 휴무','http://utour.gwangju.go.kr/index.do?S=S01');
Insert into TEAM2.DB_DESTINATION (NO,CITY_NO,ADDRESS,LAT,LNG,NAME,DETAILS,CONTACT,OPENTIME,SITE) values (150,600,'광주광역시 서구 풍금로38번길 4-3','35.123167','126.863556','꽃단지','[광주 서구 풍암동에 있는 고기 전문점 꽃단지]
꽃단지는 소고기, 돼지고기를 맛볼 수 있는 곳으로 유기농 상추와 국내산 명품 한우만을 고집한다. 꽃단지에서는 효소(표고, 솔잎, 울금)을 사용하여 조리한 메뉴를 제공하며, 꽃단지의 소고기는 우미축산 정육코너에서 구입하면 된다.','062-676-7800','10:00 ~ 22:00
쉬는날 명절연휴 (전화로 문의)','http://utour.gwangju.go.kr/index.do?S=S01');
Insert into TEAM2.DB_DESTINATION (NO,CITY_NO,ADDRESS,LAT,LNG,NAME,DETAILS,CONTACT,OPENTIME,SITE) values (151,600,'광주광역시 남구 노대동 528-4','35.096611','126.907306','조선옥','조선옥에서는 굴비정식을 맛볼 수 있다. 영광 법성포 굴비 등 20여 가지의 다양한 반찬으로 구성된 ‘굴비정식’은 남도의 맛을 한 자리에서 전부 맛볼 수 있는 특선메뉴이다. ‘조선옥’에서는 민어회도 제공한다. 민어는 조선시대부터 최고 보양식으로 꼽혀 왔다. 숙성된 민어회의 찰진 육질과 막걸리 식초로 만든 특유 양념장은 깊은 맛을 더해 준다. 민어회는 6월~9월까지가 제철이다. 이외에도 갈비찜 및 정식은 단체 및 가족 손님들이 즐겨찾는 메뉴이다.','062-654-3322','11:00 ~ 22:00
쉬는날 연중무휴','http://www.namgu.gwangju.kr/index.es?sid=a7');
Insert into TEAM2.DB_DESTINATION (NO,CITY_NO,ADDRESS,LAT,LNG,NAME,DETAILS,CONTACT,OPENTIME,SITE) values (152,600,'광주광역시 서구 치평동 201-18','35.151833','126.857750','예지원','광주 상무지구에 위치한 ‘예지원’은 한정식을 제공하는 음식점이다. ‘예지원’은 건강 보양식인 애저찜과 순수 도마살로 빚은 어만두, 부드러운 죽순으로 만든 죽순찜 등의 특선메뉴로 다채로운 메뉴를 제공한다.','062-371-5566~7','12:00 ~ 22:00
쉬는날 명절연휴 (전화로 문의)','http://utour.gwangju.go.kr/index.do?S=S01');
Insert into TEAM2.DB_DESTINATION (NO,CITY_NO,ADDRESS,LAT,LNG,NAME,DETAILS,CONTACT,OPENTIME,SITE) values (153,600,'광주광역시 동구 충장로2가 15-1','35.147694','126.917444','궁전제과','궁전제과는 올해로 40년된 광주를 대표하는 제과점으로 본점은 충장로에 위치하고있으며 광주전역에 5개의 직영점을 운영하고 있다. 히트상품으로 나비파이 공룡알샌드위치 팥빙수 등이 있으며 하루에도 3~4번씩 주기적으로 나오는 신선한 빵들을 맛 볼 수있다.','062-222-3477','08:30 ~ 22:30
쉬는날 명절 당일','http://www.kungjeun.co.kr');
Insert into TEAM2.DB_DESTINATION (NO,CITY_NO,ADDRESS,LAT,LNG,NAME,DETAILS,CONTACT,OPENTIME,SITE) values (154,600,'광주광역시 서구 상무2동 876','35.146722','126.856556','시골집국밥','대로에 위치해 있지만 황토벽,기와 창호지,농기구 등으로 음식점 안팎을 장식한 시골국밥집은 호남대입구역에서 금호지구 방면 운천저수지 옆 길모퉁이에 자리잡고 있다. 주메뉴인 곱창전골은 간단한 국밥 종류와 함께 인기있는 메뉴이다.
살이 부드러워 쫄깃하고 담백한 맛이 느껴지는 곱창전골은 돼지곱창에 양념을 얹고 쑥갓, 팽이버섯, 표고버섯, 대파, 통깨가 푸짐하게 곁들여졌는데 국물 맛이 진하고 얼큰하고 반찬으로 나오는 배추김치, 파김치, 깍두기를 척척 걸쳐 곱창과 함께 먹으면 시원하고 담백한 맛이 느껴진다. 그밖에 암뽕순대와 순대국밥 등 국밥종류가 다양하다.','062-373-8614','24시간
쉬는날 명절휴무','http://utour.gwangju.go.kr/index.do?S=S01');
Insert into TEAM2.DB_DESTINATION (NO,CITY_NO,ADDRESS,LAT,LNG,NAME,DETAILS,CONTACT,OPENTIME,SITE) values (155,600,'광주광역시 북구 생용동 107-1','35.225056','126.899250','광주패밀리랜드','* 호남 지방의 새로운 명소, 광주패밀리랜드 *
광주패밀리랜드는 광주광역시 북구 생용동에 있는 도시근린공원으로서 36만평의 부지 위에 최첨단 놀이시설 30종, 사계절 썰매장과 아이스링크, 수영장을 갖춘 호남 최대의 종합위락공원으로 1991년 7월 6일 개원하였다. 호남 최대길이를 자랑하는 사계절 썰매장은 봄, 여름, 가을엔 물썰매장으로 겨울엔 눈썰매장으로 더욱 더 편하게 이용하시도록 에스컬레이터를 설치하고 있다.

또한, 사계절 테마파크로 자리잡고자 전천후 썰매장 단지를 조성하여 봄, 여름, 가을, 겨울 사계절 언제나 고객과 즐거움을 함께 하고 있다. 2002년에는 2차 사업인 체육시설 부지 골프장, 테니스장 등을 완공하여 지금까지의 유년층, 청소년층이 대부분이었던 광주패밀리랜드에 중, 장년층까지 함께 즐길 수 있는 호남 지방의 새로운 명소로 자리잡기 위해 노력하고 있다.

* 패밀리랜드 100배 즐기기 *
패밀리랜드에는 다양한 놀이시설이 조성되어 있으며 코스에 따라 연인코스, 가족코스, 어린이 코스 등으로 나누어 이용할 수 있다. 우선 연인코스는 청룡열차, 카오스, 바이킹, 나는썰매, 박치기왕, 타가디스코, 나는그네 등으로 연인들이 함께 즐기면 좋을 놀이기구들이다. 가족코스는 패밀리열차, 사막의 폭풍, 타팀머신 등 가족 단위로 아이와 부모가 함께 즐기면 좋은 놀이기구이다. 이외에 어린이범퍼카, 꼬마비행기, 우주탐험대, 꼬마레이서 등 어린이 전용 놀이기구도 구비되어 있다.','062-607-8000','연중무휴','http://광주패밀리랜드.com');
Insert into TEAM2.DB_DESTINATION (NO,CITY_NO,ADDRESS,LAT,LNG,NAME,DETAILS,CONTACT,OPENTIME,SITE) values (148,600,'광주광역시 서구 치평동 1243','35.151250','126.854444','손쿡','광주 상무지구에 위치하고 있는 패밀리 레스토랑으로, 넓은 주차장이있어 편리하게 이용할수 있다. 메뉴가 2~3인분 씩 한접시에 담겨나오는 원플레이트 형식으로 제공되지만, 평일 점심에는 1인분씩도 판매하고 있어 부담없이 이용하기에 좋다. 가족이나 커플을 위한 세트메뉴도 준비되어있기때문에 단체나 가족끼리도 오붓한 시간을 보낼 수 있다.','062-385-8253','11:00 ~ 10:30
쉬는날 연중무휴','http://soncook.modoo.at');
Insert into TEAM2.DB_DESTINATION (NO,CITY_NO,ADDRESS,LAT,LNG,NAME,DETAILS,CONTACT,OPENTIME,SITE) values (143,600,'대한민국 광주광역시 서구 상무2동 903-18','35.141944','126.854222','운천사마애여래좌상','원효대사가 무등산 원효사에 머무르던 어느 날 서쪽 하늘에 서기(瑞氣)가 가득함을 보고 제자 보광화상을 현지에 보냈더니 뜻밖에 큰 바위에서 빛이 솟아나오므로 그 곳에 불상을 새긴 것이 이 마애불이라고 전하며, 이 곳에 절을 지어 정토사라 불렀다 하나 고증할 기록이나 유물은 없다. 이 불상은 큰 자연 암벽에 불상을 양각하고, 그 암벽에 붙여 집을 지어 불당으로 하였으니, 앉은 높이 가 2m 정도의 큰 불상으로 중국 운강석굴의 대불을 연상시킨다. 조각양식은 32상 80종호의 특징을 따르고 있으나 두부에 비해 몸체가 지나치게 과장되었고, 어깨, 팔, 손이 너무 커서 둔중하고 경직되어보이는데 이는 고려불상에서 흔히 나타나는 현상이기도 하다. 머리에는 육계가 있고 머리카락은 나발인데 마멸이 심하여 이마에 백호공이 얇게 보이며, 귀는 어깨까지 내리고 목에는 삼도가 뚜렷하다. 법의는 우견편단이나 의습은 발을 덮어 내리는 양식으며, 음각된 의문은 평행단상으로 형식화가 뚜렷하다. 수인은 복부에 양손을 마주하여 어떤 물체를 위로부터 덮고 있는 듯 한데 보주인지 악기인지 알 수가 없다. 뒤로는 한줄의 신광과 삼중선의 두광이 있고 가장 안쪽 두광에 연엽문이 새겨있을 뿐 다른 장식은 없다. 전체적으로 근엄, 둔중하고 괴체화 된 것으로 미루어 전기한 원효스님의 전설과는 달리 고려 시대에 조성된 것이 틀림없다.
* 규모 : 높이 2.1m / 재료 : 화강석','062-375-0053','연중무휴','광주서구문화관광http://seogu.gwangju.kr/culture문화재청http://www.cha.go.kr');
Insert into TEAM2.DB_DESTINATION (NO,CITY_NO,ADDRESS,LAT,LNG,NAME,DETAILS,CONTACT,OPENTIME,SITE) values (144,600,'광주광역시 남구 칠석1길 19-6','35.070361','126.836083','고싸움놀이전수회관','고싸움놀이는 칠석동(옻돌)마을에서 해마다 음력 정월 10일경부터 2월초하루에 걸쳐 연화돼 오는 놀이로 정월보름과 16일에 절정을 이룬다. 이 마을에서 행해지고 있는 고싸움놀이는 양편이 굵은 줄에 단 "고"를 어깨에 매고 서로 부딪쳐 이편 "고"로 상대편 "고"를 눌러 땅에 닿게하여 승부를 겨루는 놀이다. 예로부터 해마다 음력 정월보름이 되면 재앙을 물리치고 복을 불러들여 마을이 편안하기를 비는 세시풍속으로 당산제를 지내고 "고싸움놀이"를 벌였다. 정월 14일 밤에는 마을 사람들이 마을 뒤쪽에 있는 할아버지 당산고 마을 앞쪽에 있는 할머니 당산에 당산제를 지내고 농악을 치면서 당산고 마을곳곳을 돌며 마당밟이를 하고 나서 16일이 되면 마을 상촌 사람들이 동부로, 하촌사람들은 서부로 편을 갈라서 고싸움놀이를 벌여 승부를 냈다. 고싸움의 "고"라는 말은 "옷고름" "고맺음" "고풀이"등의 예에서 보는 바와 같이 노끈의 한가닥을 늘여 둘그런 모양으로 맺은 것을 지칭한 것이며 "고싸움"이란 2개의 "고"가 서로 맞붙어 싸움을 벌인다는 데서 연유된 것으로 본다. 이 놀이는 1945년을 전후해서 그 자취를 감추어 인면되어 가던 것을 1969년 전남대학교 지춘상교수에 의해 발굴, 재현, 재구성되어 오늘날에 보존, 계승되고 있다. 이 고싸움놀이는 다른 지방 민속놀이보다 강인한 패기와 굳센 힘이 넘쳐 흐르고, 일사불란한 통제력과 강철같은 협동심, 굽힘없는 투지와 끈질긴 인내심을 필수요건으로 하는 가장 남성적인 놀이로서 남도민의 기상과 멋이 깃든 놀이다.','062-374-3839','연중무휴','http://www.namgu.gwangju.kr/index.es?sid=a7');
Insert into TEAM2.DB_DESTINATION (NO,CITY_NO,ADDRESS,LAT,LNG,NAME,DETAILS,CONTACT,OPENTIME,SITE) values (145,600,'광주광역시 광산구 왕동 251','35.195222','126.713861','왕동저수지','용진산 서쪽 골짜기에 위치하고 있으며, 이른 아침에 피어 오르는 물안개가 장관이다.','062-940-8225','연중무휴','http://culture.gwangsan.go.kr/');
Insert into TEAM2.DB_DESTINATION (NO,CITY_NO,ADDRESS,LAT,LNG,NAME,DETAILS,CONTACT,OPENTIME,SITE) values (146,600,'경기도 용인시 수지구 죽전1동 1340','37.325444','127.126389','광주시청 야외음악당','광주시청 옆 문화광장내에 위치한 야외음악당은 2006년 5월 설립한 이동형 객석 2,000석 규모의 야외음악 공연장이다.
최신 음향장비 및 무대, 조명시설을 갖추고 있으며, 클래식, 국악 등의 음악공연을 비롯한 각종 문화공연 및 전시행사가 열린다.','문화예술진흥과 062-613-3483','공연에 따라 다름','광주문화관광http://utour.gwangju.go.kr광주서구문화관광http://seogu.gwangju.kr/culture');
Insert into TEAM2.DB_DESTINATION (NO,CITY_NO,ADDRESS,LAT,LNG,NAME,DETAILS,CONTACT,OPENTIME,SITE) values (147,600,'광주광역시 북구 중앙동 109-16','35.158972','126.905750','광주 프랑스문화원','* 프랑스 문화와 언어를 배우는 곳, 광주 프랑스문화원 *

광주 프랑스 문화원 알리앙스 프랑세즈는 한국 (서울, 부산, 대전, 전주, 인천)에 설립된 6개의 알리앙스 중에 하나이다. 1983년에 개원한 광주 알리앙스 프랑세즈는 프랑스어를 전공하는 대학생을 비롯하여 많은 성인층, 고등학생, 중학생 등 점점 더 다양한 층에서 프랑스 문화와 언어를 배우기 위해 이곳을 찾고 있다.

프랑스에 대한 다양한 자료 (도서, 비디오, 잡지,TV 5 등)을 구비하여 프랑스 문화권에 관심 있으면 언제든지 접할 수 있다. 광주 알리앙스 프랑세즈는 또한 많은 문화적인 활동을 주관 하고 있다 (전시회, 여름 수련회, 영화 상영, 포도주 시음회, 콘서트 등) 프랑스어 강좌로는 프랑스어 교육을 전공한 프랑스인 강사와 프랑스어를 전공하신 내국인 강사들이 기초, 초급, 중급, 고급, 불어 능력 시험 (DELF, DALF)준비반 등 여러 단계를 개설하여 강의를 이끌어 가고 있다. 또한 최신멀티미디어 교재들을 이용하여 학생들의 동기와 호기 심을 유발하려고 노력하고 있다. 또한 프랑스 정부의 공식적인 프랑스어 능력 시험인 DELF와 DALF 시험 주관 장소로도 활동하고 있다. 광주 알리앙스 프랑세즈는 프랑스어를 교육하는 기관일뿐만 아니라 프랑스로의 여행이나 유학을 계획하시는 분들을 위한 필요한 모든 정보를 제공하고 있다.
 

* 프랑스문화원 알리앙스 프랑세즈 *

알리앙스 프랑세즈는 1883년 파리에 처음으로 설립되어 오늘날 프랑스 파리 Raspail 거리 101번지에 위치하고 있다. 알리앙스 프랑세즈의 세계적인 조직망은 138개국에 분포된 1085개의 분원에서 매년 350,000명의 학생들을 맞이하고 있다. 예를들어 파리 알리앙스 프랑세즈는 매년 전 세계에서 모여드는 수천명의 학생들을 맞이하고 있다. 대부분의 알리앙스 프랑세즈는 각 나라의 수도를 중심으로 대도시에 설립이 되어 프랑스 문화와 언어를 전파하는 중요기관으로 자리를 잡고 있다.','062-527-2500','11:00~21:00
쉬는날 토, 일, 공휴일 휴무','http://www.afgwangju.co.kr');
Insert into TEAM2.DB_DESTINATION (NO,CITY_NO,ADDRESS,LAT,LNG,NAME,DETAILS,CONTACT,OPENTIME,SITE) values (140,200,'대전광역시 유성구 장대동 277-19','36.357861','127.333806','유성장 (4, 9일)','대전광역시 유성구 장대동에서 5일마다 열리는 정기 재래시장이다. 매월 4일과 9일, 14일, 19일, 24일, 29일에 유성장이 열린다. 전통 5일장인 유성 5일장은 1916년 10월 15일 최초 개장된 이래 장대동 191번지 장옥을 중심으로 매 4일, 9일 성시를 이루는 전통 풍물장으로서, 지금은 공주, 연기, 논산, 금산, 옥천 등 인근 시, 군에서 생산되는 농산물 직거래장터로 각광받고 있다. 약 1,980㎢의 부지에 점포 40여 개가 있으나, 그것만으로는 모자라서 그 일대의 공터와 골목에까지 장이 들어선다. 장날이면 대전에 사는 시민들은 말할 것도 없고 인근의 대덕군이나 옥천, 공주, 조치원, 금산, 논산 등지에서 사람들이 몰려온다. 유성장에서는 장대동사무소 뒤편의 장터 입구에서 가축류가 거래되고, 그 안쪽으로 어류·채소류·의류·식기류 순으로 좌판이 벌어진다. 유성의 특산물로는 학하 고구마, 세동 상추 등이 자랑거리다. 특히 배는 전국에서도 맛이 좋기로 유명하다.','042-822-2472','매월 4, 9, 14, 19, 24, 29일','http://tour.yuseong.go.kr/index.yuseong');
Insert into TEAM2.DB_DESTINATION (NO,CITY_NO,ADDRESS,LAT,LNG,NAME,DETAILS,CONTACT,OPENTIME,SITE) values (141,600,'대한민국 광주광역시 북구 첨단과기로 235','35.229639','126.850028','국립광주과학관','국립광주과학관은 정부의 2003년 과학관육성계획에 따라 추진 설립되었다. 광주 첨단산업단지에 조성된 광주과학관은 빛과 과학과 예술에 특화된 과학관으로서 우주선 모양의 건물 외형에 미래를 향한 꿈과 희망을 담았으며, 체험 중심 전시물들로 주로 구성되어 관람객들이 오감으로 체험하면서 상상력과 창의력을 키우고 미래지향적 사고를 키우고 과학에 대한 이해와 호기심을 충족할 수 있다.','062-960-6210','09:30~17:30 (입장마감 16:30)
쉬는날 매주 월요일, 1월1일, 설날/추석 당일','http://www.sciencecenter.or.kr');
Insert into TEAM2.DB_DESTINATION (NO,CITY_NO,ADDRESS,LAT,LNG,NAME,DETAILS,CONTACT,OPENTIME,SITE) values (137,200,'대전광역시 대덕구 중리동 368-14','36.365361','127.425667','대전 중리전통시장','대전대덕의 뿌리가 되는 회덕이 회덕1·2동으로 분동되었다가 APT단지가 들어서면서 회덕2동에서 분동된 중리동은 일반 주거지역과 APT단지 등이 혼성된 지역특성을 가지고 있다. 1988년 이 지역의 생필품 등 과일, 야채 생선 판매 등 주부들의 장바구니 시장으로 시작한 중리시장은 계속 번창하여 현재 140여 개가 넘는 점포에 1일 2,500여 명의 고객이 이용하고 있다. 현대화를 위한 각종 친절교육 및 상인 마인드 개선 등에도 상인회가 적극적으로 나서고 있어 중리시장은 주부들의 발길이 끊이지 않는 “좋은 재래시장”으로 계속 발돋움 하고 있다.','중리전통시장 상인회 
042-623-1040','07:00 ~ 22:00 (점포마다 다름)','http://www.jungni-market.kr');
Insert into TEAM2.DB_DESTINATION (NO,CITY_NO,ADDRESS,LAT,LNG,NAME,DETAILS,CONTACT,OPENTIME,SITE) values (138,200,'대전광역시 서구 둔산동 1036-8','36.351944','127.378167','갤러리아 백화점 (타임월드점)','대전광역시 중구에 위치한 갤러리아백화점 동백점은 2000년 7월에 처음 오픈했다. 고급 백화점으로 그 브랜드 이미지를 확고히 하고 있을 뿐 아니라 국내외 유명 브랜드와 패션 잡화, 생활용품에 이르기까지 다양한 품목을 갖추고 있다.','042-480-5000','10:30 ~ 20:00
금/토/일 30분 연장','http://branch.galleria.co.kr');
Insert into TEAM2.DB_DESTINATION (NO,CITY_NO,ADDRESS,LAT,LNG,NAME,DETAILS,CONTACT,OPENTIME,SITE) values (139,200,'대전광역시 중구 은행동 45-14','36.329361','127.428222','은행동 으능정이 문화의거리','대전의 중심에 있는 은행동 젊음 패션 거리는 젊은이들의 거리로 대전의 명동으로 불리며 패션뿐 아니라 볼거리, 먹거리, 즐길 거리가 고루갖추어져 있으며 문화와 패션이 함께 숨쉬는 거리로 다양한 문화 행사를 개최하고 차 없는 거리를 조성하여 명실공히 젊은이들을 위한 거리로 발전하고 있으며 인근에 갤러리아 동백점, 지하상가등 패션몰이 어우러져 활기가 넘치고 웨딩업소 등이 점차 늘어나 신상권이 활성화되는 한편 철도, 버스등 대중교통 접근성도 아주 용이한 거리이다.','042-226-9100','10:30 ~ 22:00
쉬는날 연중무휴 (지하상가는 첫째.셋째 화요일 휴무)','http://www.culture-street.kr');
Insert into TEAM2.DB_DESTINATION (NO,CITY_NO,ADDRESS,LAT,LNG,NAME,DETAILS,CONTACT,OPENTIME,SITE) values (142,600,'광주광역시 북구 첨단과기로 123','35.227583','126.839389','광주 녹색에너지체험관','에너지관리공단은 에너지의 효율적 이용과 신재생에너지의 보급 등 지구 온난화의 주범인 온실가스를 줄이기 위한 업무를 수행하는 기관이다. 그 일환으로 녹색에너지체험관 견학프로그램을 운영하며 어린이‧청소년들에게 지구 지킴이가 될 수 있는 방법을 알려주고 있다.
무분별한 에너지 소비로 발생한 막대한 양의 온실 가스는 생태계 질서를 파괴시키고 인류의 생존까지도 위협하는 상황이다. 녹색에너지체험관은 에너지 절약의 필요성을 되새기고 우리가 실천할 수 있는 에너지 절약은 무엇인지 쉽게 이해하고 배울 수 있는 곳이다.
녹색에너지체험관에 들어서면 가장 먼저 만나게 되는 ‘화석에너지와 기후변화 Zone’에서는 우리가 사용하는 에너지의 85%를 차지하는 화석에너지가 환경에 미치는 영향을 알아보고, 병들어가는 지구촌 실상을 모니터를 통해 확인 할 수 있다. ‘입체영상관’에서는 정크맨이 SESE(Save energy Save earth)의 도움을 받아 그린맨으로 변해가는 과정을 그린 3D 입체영화 “그린맨 지구를 지켜주세요”가 상영되고 있다.
영상관 옆에 자리한 ‘에너지를 지켜라 Zone’은 우리 생활 속에서 에너지를 절약할 수 있는 방법을 알려주고, 탄소배출이 제로인 친환경 주택을 체험해 볼 수 있도록 꾸며져 있다. 또한, 태양열, 풍력, 지열 등 다양한 형태의 에너지에 대해 배우고 게임을 통해 직접 만들어보며 에너지의 소중함을 깨닫게 된다. 환경친화형 에너지절약도시 솔라시티를 통해 희망찬 미래비전 녹색도시를 살펴보고, 전기에너지를 빛으로 변환시키는 LED의 원리와 에너지 절약 효과 등의 다양한 체험을 하게 된다.
야외체험장에서도 다양한 체험을 할 수 있다. 솔라카 코너는 태양광 모듈이 장착된 RC카를 리모컨을 이용해 서로 경주하는 체험이며, 집열판과 반사판으로 이루어진 조리기구로 태양열 요리체험도 가능하다.','062-602-0001, 0025
주말 062-602-0091','주중 09:00~18:00(12:00~13:00 점심시간 관람 불가)
토요일 09:00~13:00(개인관람만 가능)
쉬는날 일요일 및 공휴일','http://www.kemco.or.kr/green');
Insert into TEAM2.DB_DESTINATION (NO,CITY_NO,ADDRESS,LAT,LNG,NAME,DETAILS,CONTACT,OPENTIME,SITE) values (130,200,'대전광역시 유성구 과학로 213-48','36.381528','127.353917','대전시민천문대','* 국내 최초의 시민천문대, 대전시민천문대 *
대전시민천문대는 일반 관람객을 대상으로 공개관측을 실시하는 국내 최초의 시민천문대이다. 제1관측실에 설치된 10인치 굴절망원경은 국내 최대 구경을 지니고 있으며, 특히 홍염 필터를 이용하여 태양 홍염의 모습을 선명하게 관찰할 수 있다. 주로 맑은 날 주간에는 태양 관측을, 야간에는 행성과 달, 성운, 성단, 은하 등의 천체를 관측할 수 있다. 이외에도 천체투영관에서는 날씨에 관계없이 천체투영기를 이용한 가상의 별빛으로 별자리 강의를 들을 수 있으며, 기타 교육실과 전시실에서도 시청각 교재를 이용하여 다양한 천문학의 세계를 접할 수 있다.

* 대전시민천문대의 천체투영관과 전시실, 관측실에 대하여 *
1층에는 90석 규모의 천체투영관이 있다. 이곳은 천체투영기를 이용하여 9.5m의 돔스크린에 가상의 별을 투영함으로써 시간과 날씨에 상관없이 밤하늘을 관찰할 수 있는 곳이다. 또한 전문강사로부터 별자리와 천체의 운행에 대한 설명을 들을 수 있다.

전시실은 2층에 위치하고 있는데, 우주개발의 역사, 우주의 탄생과 진화, 망원경의 구조와 기능, 행성 대기의 소용돌이 등에 관한 전시물을 통해 천체에 대한 이해를 돕는 공간이다. 3층은 관측실과 전망대로 이루어져 있는데 주관측실에는 8m의 원형돔 시설에 25cm의 초저분산 굴절망원경이 설치되어 있어 태양, 달의 표면, 행성, 성운, 성단, 은하 등을 관측할 수 있고, 홍염필터를 통해 태양홍염도 선명하게 관찰된다. 보조관측실에도 13대의 망원경이 설치되어 있으며 가로 6.6m·세로 11.7m의 슬라이드돔을 갖추고 있다. 구름이 많거나 눈·비가 올 때에는 관측이 어렵다.','042-863-8763','14:00~22:00 
※ 관련홈페이지 참고
쉬는날 매주 월요일, 공휴일 다음날, 1월 1일, 설/추석 연휴','http://star.metro.daejeon.kr');
Insert into TEAM2.DB_DESTINATION (NO,CITY_NO,ADDRESS,LAT,LNG,NAME,DETAILS,CONTACT,OPENTIME,SITE) values (131,200,'대전광역시 동구 하소동 산47-2','36.202556','127.451250','만인산푸른학습원','* 숲에서의 자연 체험, 만인산자연휴양림 *
만인산 자연휴양림은 1990년 개장하였고, 구역면적은 185만㎡, 1일 수용인원은 2,000명이다. 현재 대전광역시 만인산푸른학습원에서 관리하고 있다.

대전광역시와 충남 금산군 경계로서 대전역에서 17번 국도 17km지점에 위치해 있으며,  맑은 계곡과 활엽수가 울창한 산림을 이루고 있다. 휴양림은 자연능선을 이용하여 가족휴양지구, 청소년지구, 피크닉지구, 푸른학습지구 등으로 나누어 조성하였다.

만인산은 만인산을 비롯하여 지봉산과 봉수레골, 큰배골, 작은배골 등으로 이루어져 있다. 조선시대에는 산세가 수려하여 이태조와 왕자의 태를 모시기도 하였고, 만인산 정상에는 봉수대가 있어 삼남을 잇는 통신의 요충지이다.

골짜기에는 항시 맑은 물이 흘러내리고 활엽수가 울창한 산림을 이루고 있는 도시근교 휴양림으로 자연능선을 이용 가족휴양지구, 청소년지구, 피크닉지구, 푸른학습지구 등으로 나누어져 조성되어 있어 도시민 등의 쾌적한 휴식처이다.

* 만인산자연휴양림과 푸른학습원 *
1997년에 개장한 푸른학습원은 1일 수용인원 240명으로 자연학습 시설로 학습관, 전시관, 천문대, 새와 짐승의 집, 학습농장, 모험시설, 야외무대, 전시림 등을 갖추었다. 또한 만인산휴양림에는 산림욕장, 피크닉장, 휴게소, 산책로 등이 잘 조성되어 있다. 학습원의 경우 240명을 수용할 수 있으며, 사용전 20일까지 신청하면 된다. (만인산의 높이는 537m이며, 휴양림 규모는 55만 5천평이다.)','042-280-5566','연중무휴','http://www.maninedu.or.kr');
Insert into TEAM2.DB_DESTINATION (NO,CITY_NO,ADDRESS,LAT,LNG,NAME,DETAILS,CONTACT,OPENTIME,SITE) values (132,200,'대전광역시 유성구 전민동 880','36.404111','127.393528','대덕연구단지 컨트리클럽','국내 과학기술의 메카인 대덕연구단지 내에 위치한 퍼블릭 골프장 (9홀)으로서 주변에는 70여개의 연구기관과 엑스포 과학공원, 국립중앙과학관 등의 견학시설과 유성온천, 동학사 등 관광시설이 위치하고 있다.','골 프 장 
전화번호 042-865-3000~2 
팩스번호 042-861-2750','연중무휴 (단. 구정 및 추석 연휴는 휴장)','http://www.ddgolf.co.kr');
Insert into TEAM2.DB_DESTINATION (NO,CITY_NO,ADDRESS,LAT,LNG,NAME,DETAILS,CONTACT,OPENTIME,SITE) values (133,200,'대전광역시 중구 무수동 378','36.278556','127.408389','대전 무수천하마을 [농촌전통테마]','대도시 근교에서는 드물게 역사와 전통문화 그리고 농촌다움을 함께 보전하고 있는 마을이다. 하늘 아래 근심걱정이 없는 마을이라는 뜻에서 ‘무수(無愁)천하’라는 이름이 유래하였으며 안동 권씨 유회당 종가, 여경암, 거업제 등 역사적 문화재가 잘 보존되어 있다. 또한 부추와 자운영쌀을 비롯한 친환경 농산물을 재배하고 있어 계절별 농사체험이 가능하며, 고추장・된장・청국장 등 전통장류와 떡・한과 등 전통음식 체험을 해볼 수 있다.','042-285-5557','09:00 ~ 18:00','http://musu.go2vil.org');
Insert into TEAM2.DB_DESTINATION (NO,CITY_NO,ADDRESS,LAT,LNG,NAME,DETAILS,CONTACT,OPENTIME,SITE) values (134,200,'대전광역시 유성구 봉명동 535-8','36.356000','127.341556','신우면세점','신우면세점은 시내면세점으로 해외 출국 예정인 내국인과 대전·충남지역을 방문한 외국인에게 편리하고 다양한 혜택을 제공하고 있다. 100여 개의 트랜디 브랜드와 함께 카페 시설 등 편리한 쇼핑환경을 제공하고 있다.','042-823-2170','10:30 ~ 20:00
쉬는날 연중무휴','http://www.shinwoodfs.com');
Insert into TEAM2.DB_DESTINATION (NO,CITY_NO,ADDRESS,LAT,LNG,NAME,DETAILS,CONTACT,OPENTIME,SITE) values (135,200,'대전광역시 동구 역전시장길 4','36.330611','127.433667','역전시장','야채, 과일, 생선, 건어물, 고깃집, 옷가게, 식당등을 갖추고 있는 전형적인 재래시장이며, 과일, 채소 등 모종을 심는 철에는 고추, 참외, 수박, 토마토, 오이 등 갖가지 종류의 질 좋은 모종들도 값싸게 판매한다.','042-273-3592','연중무휴','http://tour.donggu.go.kr/html/tour/');
Insert into TEAM2.DB_DESTINATION (NO,CITY_NO,ADDRESS,LAT,LNG,NAME,DETAILS,CONTACT,OPENTIME,SITE) values (136,200,'대전광역시 서구 월평1동 1491','36.351944','127.352639','패션월드','대전광역시 서구 월평동에 위치한 대형 쇼핑몰이다. 130여개의 브랜드의 상설 할인매장으로 이곳에 오면 백화점에 입점되어 있는 브랜드 제품을 40~60% 할인된 가격으로 구입 할 수 있다. 총 3층 건물이며 1층에는 패션 잡화, 캐주얼 의류 브랜드가 입점하고 있고 2층에는 스포츠, 골프웨어 브랜드 등이 입점해 있다. 3층에는 하늘공원과 미용실, 간단한 음료와 샌드위치 가게가 있어 쇼핑후의 피곤함을 잠시 달랠 수 있다. 신감각 유럽풍 스타일의 야외웨딩홀을 갖춘 패션월드웨딩홀도 이곳 3층에 있어 많은 예비 부부들이 이용하고 있다.','042-485-4184','11:00 ~ 21:30
쉬는날 365 연중무휴','http://www.seogu.go.kr/tour/main.do');
Insert into TEAM2.DB_DESTINATION (NO,CITY_NO,ADDRESS,LAT,LNG,NAME,DETAILS,CONTACT,OPENTIME,SITE) values (121,200,'대전광역시 중구 오류동 171-3','36.322917','127.404778','면가','대전 중구 오류동에 위치한 면가는 면요리 전문점이다. 면가는 서대전역과 마주보고 있어 쉽게 찾아갈 수 있다. 깔끔한 분위기에 싱싱한 재료로 건강한 음식을 제공하는 음식점이다.','070-7450-4000','11:00 ~ 23:00
(일요일 13:00 ~ 21:00)
쉬는날 명절연휴 (전화로 문의)','http://cityfood.co.kr/h9/myeonga');
Insert into TEAM2.DB_DESTINATION (NO,CITY_NO,ADDRESS,LAT,LNG,NAME,DETAILS,CONTACT,OPENTIME,SITE) values (122,200,'대전광역시 유성구 대학로155번길 20','36.361667','127.350722','서하감자탕','[대전 유성구 궁동에 있는 감자탕 전문점 서하감자탕]
서하감자탕은 묵은지 감자탕을 제공하는 음식점이다. 당일 준비와 당일 소비를 철칙으로 하며, 감자탕 단일 메뉴를 제공한다.','042-824-4416','11:00 ~ 22:00
쉬는날 매주 월요일','http://tour.yuseong.go.kr/index.yuseong');
Insert into TEAM2.DB_DESTINATION (NO,CITY_NO,ADDRESS,LAT,LNG,NAME,DETAILS,CONTACT,OPENTIME,SITE) values (123,200,'대전광역시 유성구 궁동 6-23','36.362889','127.352194','뉴 타지마할 레스토랑','[대전 유성구 궁동에 있는 인도요리 전문점 뉴 타지마할 레스토랑]
다양한 종류의 인도요리를 우리나라 사람의 입맛에 맞게 요리한다. 저렴한 가격으로 음식을 맛볼 수 있으며, 자극적이지 않은 여러가지 인도 음식을 제공한다.','042-825-3786','11:00 ~ 22:00
쉬는날 매주 월요일','http://tour.yuseong.go.kr/index.yuseong');
Insert into TEAM2.DB_DESTINATION (NO,CITY_NO,ADDRESS,LAT,LNG,NAME,DETAILS,CONTACT,OPENTIME,SITE) values (124,200,'대전광역시 유성구 복용동 368-1','36.343583','127.318000','도안 감나무집(유성본점)','40년 전통의 도안 감나무집은 백숙에 한약재를 넣어 만드는 것이 특징이며, 메뉴로는 기러기백숙, 오리수육, 오리누룽지백숙, 토종닭누룽지백숙을 제공한다. 12인 이상의 경우 차량운행도 가능하다.','042-822-2366','11:00 ~ 23:00
연중무휴','http://tour.yuseong.go.kr/index.yuseong');
Insert into TEAM2.DB_DESTINATION (NO,CITY_NO,ADDRESS,LAT,LNG,NAME,DETAILS,CONTACT,OPENTIME,SITE) values (125,200,'대전광역시 서구 둔산2동 1036','36.352333','127.378472','만나(타임월드점)','하늘의 양식이라는 의미를 가진 한식당이다. 메뉴는 샤브샤브, 한정식, 생고기 등이 있다. 
만나 타임월드점은 대전의 신도심으로 떠오르는 둔산갤러리아타임월드백화점 내 9층 식당가에 위치하고 있다. 갤러리아백화점의 쇼핑, 문화시설과 함께 품격있는 식사를 즐길 수 있는 공간이다.','042-480-5905','11:00 ~ 21:00
연중무휴','http://www.manna.co.kr');
Insert into TEAM2.DB_DESTINATION (NO,CITY_NO,ADDRESS,LAT,LNG,NAME,DETAILS,CONTACT,OPENTIME,SITE) values (126,200,'대전광역시 동구 성남동 495-36','36.348194','127.437972','천안원조닭똥집','대전 터미널 맞은 편에 자리잡은 천안원조닭똥집은 1,2층으로 나뉘어져 있다.
이곳은 저렴한 가격과 매콤한 양념맛으로 주객의 발길을 사로잡는 곳이다. 닭똥집 볶음에는 깻잎, 양파, 대파가 곁들여지는데 기본 양념의 얼큰한 맛과 쫄깃한 똥집 맛이 술안주로 제격이다.
다 먹고 난 후에는 볶음밥을 추가하여 맛볼 수 있다. 개별 주차장이 있어 주차에 큰 어려움은 없어 보인다.','042-633-9038','11:00 ~ 00:30
쉬는날 명절연휴 (전화로 문의)','http://tour.donggu.go.kr/html/tour/');
Insert into TEAM2.DB_DESTINATION (NO,CITY_NO,ADDRESS,LAT,LNG,NAME,DETAILS,CONTACT,OPENTIME,SITE) values (127,200,'대전광역시 유성구 현충원로 200','36.354083','127.290194','유성컨트리클럽','과학과 관광이 어우러진 대전 유성에서 터를 잡은지 30여년, 골프 스포츠로서 인정되기 까지의 기틀을 세운 중부권 골프의 리더를 지켜오고 있다.','042-822-7103~6','쉬는날 명절 당일','http://www.yscc.co.kr');
Insert into TEAM2.DB_DESTINATION (NO,CITY_NO,ADDRESS,LAT,LNG,NAME,DETAILS,CONTACT,OPENTIME,SITE) values (128,200,'대전광역시 중구 사정공원로 70','36.288556','127.397778','대전오월드','* 대전동물원에서 새롭게 탄생한, 대전오월드 (구, 대전동물원) *
대전도시공사는 대전 중구 사정동 기존의 대전동물원과 놀이동산(조이랜드) 인근에 400억 원을 들여 10만 m²의 플라워랜드를 조성해 2009년 5월 1일 개장했다. 58만 m²의 동물원 및 놀이동산에 플라워랜드가 추가되면서 이들 시설 이름도 ‘대전 오월드(O-World)’로 바뀌었다. 오월드는 크게 각종 꽃을 볼 수 있는 플라워랜드와 동물원인 주랜드, 각종 놀이기구가 위치한 조이랜드 등으로 구성된다.
주요 공간으로는 아메리카검정곰·사자, 벵갈호랑이, 코끼리, 기린, 얼룩말, 타조 등 130종 600여 수의 동물을 전시하고 있는 동물 전시공간, 후룸라이드·자이언트드롭·수퍼바이킹 등 놀이기구 17개 기종이 설치되어 있는 놀이시설 공간, 슬로프 폭 36.5mｘ115.7m 규모의 사계절 썰매장, 아프리카사파리, 마운틴사파리, 조각공원, 5.5km에 이르는 산림욕장, 잔디광장, 다목적광장, 팔각정, 사계절정원, 무궁화원, 장미원, 미로원, 허브원, 레인보우스테이지, 야외공연장 등이 있다.

사슴벌레나 장수풍뎅이가 활짝 핀 꽃 사이를 기어가는 모형이 있는 진입광장 및 축제의 거리를 지나면 3000m² 규모의 대형 연못이 나온다. 주변에 공연장과 생태환경을 체험할 수 있는 관찰 데크를 갖췄다. 느티나무, 창포, 갈대 등 수변 생태계는 휴식과 학습의 기회를 제공한다. 연못 자체도 또 하나의 볼거리. 20m 높이로 치솟는 분수가 음악에 맞춰 춤을 추고, 야간에는 오색의 조명으로 관람객을 환상의 세계로 이끈다. 분수의 물살은 영상을 볼 수 있는 워터스크린으로 활용된다.

동물원과 플라워랜드를 연결하는 통로에는 사슴 20여 마리가 있는 ‘초식동물 사파리’와 늑대 7마리가 있는 ‘늑대 사파리’를 새로 조성했다.
 
* 대전오월드의 또다른 재미, 플라워랜드 *
플라워랜드에는 100종 15만 그루의 나무와 85종 20만 본의 사계절 꽃이 20개의 테마별로 조성돼 1년 내내 수목과 꽃을 볼 수 있다. 줄장미, 사계장미, 피스 등 여러 종의 장미를 조성한 장미원과 로즈마리, 재스민, 민트, 라벤다 등의 향기에 흠뻑 빠질 수 있는 허브원, 소나무, 매화, 자귀나무 등 한국 전래수종을 심은 전통정원이 눈길을 끈다. 소나무와 사철나무로 미로를 조성해 놓은 미로원은 색다른 재미를 준다.','042-580-4820','홈페이지 이용시간 보기','http://www.oworld.kr');
Insert into TEAM2.DB_DESTINATION (NO,CITY_NO,ADDRESS,LAT,LNG,NAME,DETAILS,CONTACT,OPENTIME,SITE) values (129,200,'대전광역시 유성구 덕명동 20','36.351306','127.307583','복용 승마장','전국체전 개최를 계기로 마련된 복용승마장은 유성 C,C 못미쳐 좌회전 표지판을 따라 약 1Km 정도 가다보면 완만한 구릉사이에 포근히 안긴 승마장 전경이 한눈에 들어온다. 대전시가 40여억원의 예산을 투입하여 1만 5천평의 부지에 국제 규격마장을 준공하여 대전승마협회가 관리하면서 대전지역 승마대중화의 산실로 자리잡기 시작하였다. 귀족 스포츠의 대명사로 지목되던 승마가 대전지역에서 만큼은 대충스포츠로 탈바꿈할수 있게 된것은 사설 승마장과는 달리 복용승마장이 시 소유시설로 공공성이 확보된데다가 도심에서 가까우면서도 산중의 고요함을 맛볼수 있는 입지여건과 저렴한 비용으로 승마를 즐기실수 있기 때문이다.','042-610-2982, 042-825-2852','쉬는날 매주 월요일','http://www.djsiseol.or.kr');
Insert into TEAM2.DB_DESTINATION (NO,CITY_NO,ADDRESS,LAT,LNG,NAME,DETAILS,CONTACT,OPENTIME,SITE) values (115,200,'대전광역시 대덕구 오정동 133','36.354472','127.422639','한남대학교 중앙박물관','이 박물관은 선사시대에서 현대에 이르는 역사, 고고, 민속예술 등에 관한 자료수집, 보존, 전시하고 있다. 지역성을 살려 충청지역 전래의 고고, 민속유물 자료보존, 전시하면서 향토문화 발전에 이바지하고있다. 백제문화박물관은 1982년 6월 개관한 이래 현재 470여 평의 전시실을 갖추고 선사시대 부터 현대에 이르기까지 다양한 자료 6,500여 점을 축적함으로써 명실상부한 종합박물관으로 면모를 갖추고 있다. 이 박물관의 특색은 역사, 고고, 민속, 예술 등에 관한 자료를 수집, 정리, 보존, 전시하고 이들을 조사·연구하여 문화 예술 및 학문의 발전과 일반대중의 문화교육에 이바지하는 한 편, 기독교 대학의 한 기관으로서 기독교 전래과정 및 발전사를 체계적으로 파악할 수 있도 록 그 자료를 수집, 보존하는데 주력하고 있다. 또한, 지역적인 특성을 살려 충청지역 전래의 고고민속유물 등의 자료를 수입하여 보존 전 시하면서 전통적인 생활문화를 복원, 그 소중한 가치를 연구 발표하고, 동시에 관련 학계에 널리 공람하게 하여 향토문화발전에 이바지하는 데 있다. 현재 종합전시실, 백제토기요지실, 문헌자료실, 기독교선교자료실, 백제토기실 의 총5개 전시실을 보유하고, 전시실마다 특색을 살려 운영하고 있다.','중앙박물관 사무실 042-629-7696
중앙박물관 학예실 042-629-7697','[정기개관] 월요일~금요일 09:00~16:00 
[특별개관] 전화신청시 토요일 개관
쉬는날 일요일, 국정공휴일','http://bakmul.hannam.ac.kr');
Insert into TEAM2.DB_DESTINATION (NO,CITY_NO,ADDRESS,LAT,LNG,NAME,DETAILS,CONTACT,OPENTIME,SITE) values (116,200,'대전광역시 유성구 노은동 산11-3','36.365278','127.324889','대전어린이회관','대전 유성구 노은동 270번지, 월드컵경기장 동관 1층에 실내 3,520㎡, 야외 2,250㎡ 규모로 건립된 대전어린이회관은 전체면적의 40% 이상이 다양한 체험공간으로 꾸며졌으며, 어린이들의 꿈과 희망을 키워가는 체험형 학습공간이다. 놀이 중심의 어린이 복합 문화 시설로 만12세 이하의 어린이들이 이용할 수 있도록 운영하고 있다.','042-824-5500','[체험존] 10:00~12:00 / 13:00~15:00 / 15:30~17:30
[뮤지컬] 
평일 10:10~11:00 / 11:20~12:10 / 14:00~14:50
주말 11:20~12:10 / 14:00~14:50 / 16:00~16:50
※ 모든 프로그램은 17:30까지 진행
쉬는날 매주 월요일, 설/추석','http://www.djkids.or.kr');
Insert into TEAM2.DB_DESTINATION (NO,CITY_NO,ADDRESS,LAT,LNG,NAME,DETAILS,CONTACT,OPENTIME,SITE) values (117,200,'대전광역시 유성구 엑스포로 107','36.374889','127.391556','대전컨벤션센터(DCC)','* 최첨단 컨벤션센터, 대전 컨벤션센터(DCC) *

21세기의 새로운 성장동력 산업으로 떠오른 컨벤션산업을 지원하기 위하여 설립되었다. 2004년 말에 착공하여 2007년 12월에 완공하였으며, 2008년 4월 21일 개관하였다.

지하 1층 지상 4층에 24개의 전문회의실 등을 갖추고 있다. 1층은 8개의 중회의실과 4개의 전시홀, 로비로 이루어져 있다. 중회의실은 2개씩 통합할 수 있어 수용인원에 맞춰 확장할 수 있다. 전시홀도 자유롭게 분할 또는 통합할 수 있다. 2000여석의 그랜드 볼룸과 2600석 규모의 전시홀을 갖춘 최첨단 대전컨벤션센터이다.

이곳에는 새로이 단장될 EXPO과학공원과 야외무대 및 잔디밭, 약 1000실의 인근 숙박시설, 식당, 쇼핑몰, 한밭수목원, 문화예술회관, 시립미술관 등이 위치해 있으며, 유성지구의 수천실의 숙박시설과 함께 “10분 원스탑 컨벤션”을 경험할 수 있는 전국 최고의 편리한 컨벤션 지구이다. 회의, 전시회, 이벤트 등 각종 컨벤션의 유치에서부터 개최까지 모든 서비스를 막힘없이 원스톱으로 제공하고 있다. 또 국제화의 기획업체, 호텔, 홍보·인쇄업체, 여행사 등을 회원사로 두고 있어 컨벤션에 관한 부수적인 업무까지 편리하게 해결할 수 있는 장소이다.','042-869-5400','연중무휴','http://www.dcckorea.or.kr');
Insert into TEAM2.DB_DESTINATION (NO,CITY_NO,ADDRESS,LAT,LNG,NAME,DETAILS,CONTACT,OPENTIME,SITE) values (118,200,'대전광역시 온천2동 충남대학교 박물관','36.371028','127.345500','충남대학교박물관','* 전통문화를 보존, 계승하는 충남대학교박물관 *
충남대학교 박물관은 우리나라의 전통 문화분야 자료를 수집, 보관, 전시함으로써 본교의 구성원 및 지역 주민들의 문화의식 수준 향상에 기여할 목적으로 1968년 4월 28일 설립되었다. 본 박물관은 전시실, 학예연구실, 시청각실, 유물 수장고, 유물 정리실, 도서실, 뮤지엄 샵, 행정실, 기계실 등의 시설을 갖추고 있고 2,000여 점의 역사 유물과 1,000여 점의 교사 자료를 소장하고 있다.

전시실에는 구석기시대의 몸돌, 찌르개 등 타제석기와 신석기시대의 빗살무늬토기와 각종 석기류, 청동기시대의 무문토기와 청동검, 삼국시대의 다양한 토기류, 고려 시대의 청자, 조선 시대의 자기류, 회화류, 서적류, 최근의 민속자료, 교사 자료 등이 시대순으로 진열되어 있다.

전북 김제 벽골제 발굴조사, 대청댐 수몰지구 내 유적발굴 조사, 충남 부여 정림사지 발굴조사, 천안 목천토성 발굴조사, 충남 홍성 신금성지 발굴조사, 충남 보령 성주사지 발굴조사 등 총 180건의 학술조사를 시행한 후 22권의 발굴조사 보고서와 30권의 학술조사 보고서를 출판하여 지역사 연구에 기여하였다.','행정실 042-821-6041','10:00~17:00
쉬는날 토ㆍ일요일, 공휴일','http://museum.cnu.ac.kr');
Insert into TEAM2.DB_DESTINATION (NO,CITY_NO,ADDRESS,LAT,LNG,NAME,DETAILS,CONTACT,OPENTIME,SITE) values (119,200,'대전광역시 유성구 과학로 80-67','36.377472','127.370472','화폐박물관','* 국내외 화폐문화사료를 한눈에, 화폐박물관 *
국내외의 각종 화폐문화사료를 체계적으로 전시하고 이에 대한 연구 ·교육 기능을 갖춘 한국조폐공사 부설 박물관이다. 1988년 6월 22일에 개관한 우리나라 최초의 화폐전문박물관으로 한국조폐공사가 공익적 목적의 비영리 문화사업으로 운영하고 있다. 4개의 상설전시실을 갖추고 있으며 12만여 점의 화폐자료 중 4,000여 점이 시대별, 종류별로 전시되어 있다.','042-870-1200','10:00~17:00
쉬는날 매주 월요일, 1월 1일, 설날/추석연휴, 정부지정 임시공휴일','http://museum.komsco.com');
Insert into TEAM2.DB_DESTINATION (NO,CITY_NO,ADDRESS,LAT,LNG,NAME,DETAILS,CONTACT,OPENTIME,SITE) values (120,200,'대전광역시 서구 만년로67번길 18-25','36.368444','127.381667','연타발 (만년점)','대전광역시 서구 만년동에 위치하여 한밭 수목원에서 가까운 연타발은 넓은 홀에 230석의 좌석을 갖추고 있으며, 주차장도 넉넉하게 완비하고 있다. 국내산 진천 참숯을 사용하고 있으며, 부드러운 소갈비와 드라이 에이징 한우, 쫄깃한 양, 대창이 대표적인 메뉴이다.','042-488-8819','* 평 일 11:30 ~ 23:00 
* 주말/공휴일 11:30 ~ 22:00
쉬는날 명절 당일 휴무','http://yeontabalmn.fordining.kr');
Insert into TEAM2.DB_DESTINATION (NO,CITY_NO,ADDRESS,LAT,LNG,NAME,DETAILS,CONTACT,OPENTIME,SITE) values (109,300,'대구광역시 중구 달구벌대로415길 49','35.868556','128.589889','대구 한약재 도매시장','대구약령시는 조선 효종 9년(1658년) 경상감사가 직무하는 감영의 소재지로 집결 하는 약재중에 좋은 것은 중앙기관으로 상납하고 그 나머지를 일반일들에게 판매하면서 시작되었다. 대구를 비롯하여 공주와 전주, 원주, 진주, 청주, 충주, 의주등이 유명한 약령시였는데 그 중 제일 오래되고 가장 융성했던 곳이 대구 약령시였다. 1910년까지만 해도 중국, 만주, 일본, 중동지역은 물론 멀리 시베리아에서도 큰 상인들 이 한약재를 사기 위해 이 곳으로 몰려들어 대구 약령시는 그야말로 세계적인 한약재물 류유통의 거점이 되었다. 대구는 약재의 본산지인 경상도를 배후에 두고있으며 낙동강물 로 약재의 운송 또한 수월하여 약령시가 자연스럽게 형성되었다. 조선시대 대구 약령시 는 약재 수확기인 봄과 가을, 두 차례에 걸쳐 정기적으로 10∼30일가량 개장 되었는데, 1930년대 후반의 경우 거래물량과 출시인원이 당시 대구 전체의 예산과 인구를 훨씬 능가하였다. 다른지역의 약령시는 이후 모두 쇠퇴하였지만, 대구약령시는 일제의 탄압에도 불구하고 국권회복운동에 관여하는등 민족혼을 발현하면서 끈질긴 생명력을 유지하여 350년의 전 통을 꿋꿋이 이어나오고 있다. 한국기네스는 대구약령시를 최고의 약령시로 인증하였다.','053-257-0545, 053-252-6234','월요일 휴관, 1.1일, 설날, 추석 휴관','http://www.daeguherb.co.kr');
Insert into TEAM2.DB_DESTINATION (NO,CITY_NO,ADDRESS,LAT,LNG,NAME,DETAILS,CONTACT,OPENTIME,SITE) values (110,300,'대구광역시 북구 칠성동1가 276-162','35.876639','128.604583','대구 칠성시장','서문시장과 함께 대구재래시장의 양대 산맥이라 할 수 있는 칠성시장은 40여년의 역사를 지니고 있다. 칠성시장은 독자성과 전문성을 가진 상가들이 모여 거대한 상권을 이룬다. 거대상권은 6개 법인상가와 나머지 비법인상가로 나누어져 있으며 특히 청과물 시장으로 잘 알려져 있다. 칠성시장은 6개의 법인 상가는 저마다 독특한 영업영역을 가진다. 그 법인 상가중 하나인 삼성시장은 과일, 원예, 중고 가전제품상들이 모여있고, 대구청과시장은 청과물을 취급하는 점포가 80여개 입주해 있다. 나머지 법인 상가도 어패류, 육류, 과자류, 완구류등 전문상권을 형성하고 있다. 이렇게 품목별로 전문화된 칠성시장은 그 외에도 칠성시장 축제을 여는 등의 이벤트를 통해 재래시장 활성화에 총력을 기울이고 있다.','053-423-3480','연중무휴','http://www.buk.daegu.kr/new_pg/content.php?pc=38');
Insert into TEAM2.DB_DESTINATION (NO,CITY_NO,ADDRESS,LAT,LNG,NAME,DETAILS,CONTACT,OPENTIME,SITE) values (111,300,'대한민국 대구광역시 중구 큰장로26길 45','35.869000','128.580694','대구 서문시장','1920년대에 천황단지를 매립하여 지금의 장소로 이전한 대구 큰 장이라고 했던 서문시장은 오랜 역사를 가지고 있다. 조선시대 3대 시장 이라면 대구, 평양, 강경 등 세 군데 시장을 말했다. 대구 성곽의 서쪽에 있었기 때문에 서문시장이라 명하였고 처음에는 성곽에서300m 정도의 거리인 지금의 시장북로 본전 다방 주위 오토바이 골목일대가 시장이였으며, 매월 2일과 7일 개장 했다고 한다. 홍두깨전, 닭전 골목이름이 지금까지 남아 있다. 섬유관련 품 목이 주종을 이루며 주단, 포목, 메리야스, 공예품, 남녀의류, 그릇, 건해산물등 없는 것이 없을 정도로 규모가 크다. 푸근한 인심이 살아 있으며 냉난방시설, 대형주차장등 이 편리하 게 갖추어져 있다.','053-256-6341','09:00 ~ 19:00
상가/점포마다 다름
쉬는날 매월 첫째, 셋째 일요일','http://www.seomun.net');
Insert into TEAM2.DB_DESTINATION (NO,CITY_NO,ADDRESS,LAT,LNG,NAME,DETAILS,CONTACT,OPENTIME,SITE) values (112,300,'대한민국 대구광역시 중구 동문동 22-1','35.872750','128.596778','동아백화점 (본점)','1972년 개점한 이래 31년 동안 한결같이 정도경영으로 대구, 경북민의 자존심을 지켜온 점포로서 2002년 9월 백화점으로는 유일하게 아울렛 매장으로 변신하여, 품격 높은 수입 명품에서 국내의 유명브랜드 패션을 한자리에서 낮은 가격에 높 은 만족을 주기 위해 노력하는 전통의 쇼핑 공간 이다. 본점의 아울렛매장은 유명 명품 브랜드를 년중 70 ∼ 30%(일부품목제외) 세일을 함으로써 좋은 상품을 싸게 구입할 수 있는 전문매장이다.','1577-0111','10:30 ~ 21:00
쉬는날 연중무휴','http://www.dong100.com');
Insert into TEAM2.DB_DESTINATION (NO,CITY_NO,ADDRESS,LAT,LNG,NAME,DETAILS,CONTACT,OPENTIME,SITE) values (113,200,'대전광역시 중구 문화1동 1-39','36.320917','127.411306','서대전공원 야외음악당','시원하게 펼쳐진 서대 전공원은 대부분이 잔디광장으로 조성되어 있어 일반인들 의 산책공원으로 이용되고 있으며 각종 큼직한 야외행사에 이용되기도 한다. 야외음악당이 설치되어 시민들의 사랑받는 이 공원은 이웃에 백화점 세이가 있어 시민들에게는 더욱 친근감을 더해주고 있을 뿐 아니라 여름이면 열대야를 식히기에 적합한 곳이기도 하다. 
서대전 네거리에 위치한 약 1만여평의 서대전 광장은 75년 도시계획상 미관광장으로 지정된후, 장기간 방치된 공한지 를 EXPO에대비하여 시가지 정비 및 도심 휴식공간으로 제 공하기 위하여 공원화 한곳으로 수시로 각종공연 및 축제행 사가 넓은 잔디광장 및 야외 공연장에서 개최되고 있어 많 은 사람들로부터 사랑을 받고 있다.','중구청 공원과 042-606-7751','10:00 ~ 17:00
쉬는날 주말, 공휴일','대구중구 문화관광 http://tour.djjunggu.go.kr');
Insert into TEAM2.DB_DESTINATION (NO,CITY_NO,ADDRESS,LAT,LNG,NAME,DETAILS,CONTACT,OPENTIME,SITE) values (114,200,'대전광역시 유성구 도룡동 3-8','36.374944','127.389056','대전무역전시관','해외에 82개 무역관을 가지고 있는 대한 무역 투자공사에서 운영하는 대전무역전시관은 기존 전시장들이 있는 문제점들을 탈피하여 세계 각국의 KOTRA NETWORK를 통한 해외 홍보로 만든 많은 바이어들을 유치할 수 있다. 또한 철저한 서비스 및 국,내외 많은 최신 정보를 주최자 및 참가자에게 제공함으로써 국내 전시 사업의 세계화에 크게 기여할 수 있다.','042-869-5191','행사에 따라 달라짐','http://www.kotrex.com');
Insert into TEAM2.DB_DESTINATION (NO,CITY_NO,ADDRESS,LAT,LNG,NAME,DETAILS,CONTACT,OPENTIME,SITE) values (106,300,'대구광역시 동구 불로동 449-1','35.910222','128.641861','불로장 / 불로전통시장 (5, 10일)','불로전통시장이 위치한 불로동은 한자로 不老洞, 늙지 않은 동네란 뜻이다. 왕건이 동수전투(일명:공산전투)에서 패하여 도주하다 이 지역에 이르렀을 때 어른들은 전부 피난가고 어린아이들만 남아있어 붙여진 이름이라고 한다. 조선시대 3대 시장 중의 하나인 대구의 서문시장보다 더 오래 되었고, 한때 김천, 영천, 반야월, 하양장과 함께 경북 5대 5일장에 들만큼 성했던 곳으로써 불로전통시장이 형성된지 70년이 넘는 역사를 지니고 있다. 

불로전통시장은 5일과 10일 5일간격으로 장이 서는 5일장과 정기시장을 겸하고 있다. 현재 점포수는 150개, 시장부지 면적은 15,772㎡, 건물면적은 7,558㎡이며, 2005년부터 2009년까지 시장 환경 개선 사업을 통하여 공중화장실과 목공예전시장, 안내 입간판을 설치하고 공영주차장을 마련하며 시장진입로를 확장하는 등 중소상인 및 전통시장 활성화를 위해 지역 우수 특산물을 판매하고, 옛 추억을 되살리고 정감이 넘치는 시장을 위해 노력하고 있다.','053-982-8588','연중무휴','http://www.bullomarket.co.kr/');
Insert into TEAM2.DB_DESTINATION (NO,CITY_NO,ADDRESS,LAT,LNG,NAME,DETAILS,CONTACT,OPENTIME,SITE) values (107,300,'대구광역시 수성구 두산동 산1-1','35.821111','128.625389','천미사 (상감입사장)','무형문화재 제13호  (1997. 9. 18 지정)
기능보유자 : 김용운 (남, 상감입사)  

천미사는 대구광역시 지정 무형문화재 13호 상감입사장 (김용운)이며 금속공예품을 취곱하고 있다.  상감입사란 조금의 기법으로 쇠나 구리 등의 금속표면에 홈을 파고, 금선이나 은선을 끼워 넣어서 장식하는 전통적인 상감기법으로 우리나라에서는 입사라고 한다. 우리나라에서는 4세기경부터 철제 무기류나 청동제 그릇의 표면에 금이나 은으로 입사장식을 한 공예품들이 많이 발견된다. 입사기법이 가장 발달했던 시기는 고려시대로서 청동향로와 같은 뛰어난 불교공예품에 입사기법이 사용되었다. 이러한 전통적인 고려시대의 입사기법은 계속 이어졌는데, 조선중기 이후에는 청동뿐만 아니라 철재에 은입사를 해서 여러 가지 생활용품을 만들었다.

입사에는 크게 두 가지 기법이 있는데 하나는 고려시대부터 전해지는 전통적인 청동은입사 기법으로 바탕금속(청동)의 표면에 정으로 홈을 파고 그 안에 은선을 박아 넣는 것이고, 다른 하나는 조선중기 이후부터 전래된 철입사로 바탕 금속(철)의 표면에 정을 사용하여 가로 세로로 쪼아 거스러미를 일으킨 후 그 위에 얇은 금, 은판이나 선을 놓고 망치로 쳐서 금속에 붙이는 것으로 일본에서 소위 포목상감이라 부른다. 이 두 가지 기법 중에서 상감입사는 조각장이 하는 경우가 많았고, 입사장은 대부분 철입사를 담당하였다. 

우리나라에서는 삼국시대, 통일신라시대부터 상감입사와 얇은 금속판이 입사 재료로 병용되었고, 고려시대에는 상감입사기법이 매우 높은 수준으로 발달되었다. 상감입사는 많은 시간과 고도의 기법을 요하므로 귀족층의 기물에 쓰였고, 조선중기 이후부터는 쉽게 문양을 나타낼 수 있는 입사를 개발하여 일반에도 보급된 것으로 추정되며, 일제 강점기에 접어들면서 조선시대까지 공조와 상의원에 속하였던 입사장, 조각장등에 의하여 전승되던 입사, 상감입사 등의 공예기법은 이왕가 미술제작소의 장인들에 의하여 전승되었고, 김용운은 이 전통적 기법을 전승한 상감입사장이라 생각되며 기능보유자인 김용운의 상감입사 공예품은 고려시대에서 조선시대까지 발전해온 동체와 뚜껑의 모양이나 크기가 같은 합구형식의 원반합과 같은 모양을 추구하여 인주함, 연초함, 향합, 합 등을 제작하였다. 

또한 사용된 재료 역시 동의 바탕에 전·연성이 좋은 은을 구리와 합금하여 선이나 면으로 정을 사용해서 홈을 파내고 은실을 박아 넣는 기법은 고려시대, 조선시대 상감입사 공예품과 같다. 입사기법은 세공이기 때문에 그다지 많은 공구가 사용되지 않으며 여러 종류의 정과 망치가 주로 사용되고, 여성 장식용 금은상감입사 노리개 작품에서도 형태는 부드러운 나비, 달과 같은 곡선과 직선을 가미시켜 금재료 바탕에 백금선으로 소나무, 학, 구름, 물결 등의 십장생문을 사용해서 형태의 분위기는 한국적이면서도 현대적인 감각을 내포하고 있다. 그는 많은 공모전에 출품하여 1981년 전국 공예품 경진대회 대통령상 수상을 비롯하여, 대구 공예품 경진 대회에서 4회의 금상 등 수십 차례의 수상경력을 가지고 있으며, 1981년 기능 올림픽, 대구산업디자인전람회, 대구관광공예품 경진대회 등에서 심사장, 심사위원도 역임하였다.','053-768-0021','09:30 ∼ 19:00
쉬는날 매주 일요일, 명절','http://www.suseong.daegu.kr/04_culture/page.htm?mnu_uid=2096');
Insert into TEAM2.DB_DESTINATION (NO,CITY_NO,ADDRESS,LAT,LNG,NAME,DETAILS,CONTACT,OPENTIME,SITE) values (108,300,'대구광역시 남구 대명10동 1623-69','35.839639','128.567167','대구 안지랑시장','안지랑 오거리에서 앞산 안지랑골로 통하는 길 중간에 형성된 안지랑시장은 화려한 명성을 뒤로 하고 최근 양념 곱창집이 들어차 새로운 활력이 되고 있다. 79년경 안지랑시장쪽에 충북식당을 시작으로 ’98년 IMF이후 생계유지 업소 늘어나기 시작 오의 안지랑 시장을 활성화 시켰고, 서민들이 부담없이 즐길수 있는 휴식처이자 최근엔 젊은층이 주도하는 젊음의 거리로 발전하게 되었다. 또한 07년도부터는 상가 활성화를 위하여 간판 개.보수 및 손씻는시설 설치 및 영업장 환경개선하여 재래시장의 활성화에 더욱 힘을 쓰고 있다.','053-652-6569','09:00 - 22:00','http://nam.daegu.kr/open_content/page/nam_k/234');
Insert into TEAM2.DB_DESTINATION (NO,CITY_NO,ADDRESS,LAT,LNG,NAME,DETAILS,CONTACT,OPENTIME,SITE) values (103,300,'대구광역시 달성군 가창면 냉천리 27-14','35.788417','128.635083','대구 스파밸리','* 4계절 종합 워터파크, 대구 스파밸리 *
스파밸리는 달성군 냉천리에 위치한 온천시설 및 사우나 시설로 2003년에 오픈했다. 스파밸리 1층에는 헬스클럽, 기념품, 판매점 등이 있고 2층 바데풀, 키즈풀, 삼합체험실, UK-Ball찜질방, 패스트푸드, 굴찜질방, 수면실 등이 있다. 4층에는 대온천탕(음양오행탕, UK-Ball사우나, 황토수면실, 노천탕, 음이온체험방), 야외워터파크 파도풀, 유수풀, 워터슬라이드(바디슬라이드, 튜브슬라이드), 수구풀, 다이빙풀, 노천탕 등이 있다.


* 온천사우나의 두 가지 종류 *
대구 스파밸리 온천사우나는 음양오행탕과 UK-ball 사우나가 있다. 음양오행탕은 건강에 이롭고 신체리듬을 향상시키는 여러 종류탕으로 조성되어 있다. 동양의학의 방법과 선인들의 오랜 생활속 경험에서 우러난 민간요법의 방법, 그리고 자연계에 충만해 있는 자연에너지를 이용하는 방법이 조합된 건강온천욕 시스템으로 종류로는 대나무탕, 천초탕, 향나무탕, 뽕나무탕 등이 있다.
 
UK-ball 사우나는 기(氣)를 방출하는 초자연 신물질인 UK-ball은 음양오행의 조화롤 바탕으로 노폐물 및 독소를 제거하고 피부미용과 체형관리에 큰 효과를 주며, 또한, 혈액순환 및 신진대사 촉진에 효과적이라 상쾌한 기분으로 사우나를 즐길 수 있다.','스파밸리 1688-8511','이용시간은 시즌별로 변동이 다르므로 홈페이지 참고','스파밸리http://www.spavalley.co.kr');
Insert into TEAM2.DB_DESTINATION (NO,CITY_NO,ADDRESS,LAT,LNG,NAME,DETAILS,CONTACT,OPENTIME,SITE) values (104,300,'대구광역시 달성군 가창면 용계리 534-1','35.793806','128.626444','허브힐즈 눈썰매장','에코테마파크 내 즐길 거리, 허브힐즈 눈썰매장

계절마다 풍성한 축제와 볼거리가 가득한 국내최대의 에코테마파크로 오감을 만족시키는 다양한 체험과 프로그램이 가득하다. 허브힐즈는 겨울을 맞이하여 보다 새로워지고 화려해진 눈썰매장과 겨울놀이시설들이 가득하다. 안전하고 스릴 넘치는 눈썰매장을 중심으로 보다 넓어지고 다양해진 테마로 꾸며진 얼음골, 눈사람광장, 이글루마을, 산타빌리지 등 허브힐즈만의 특색을 가진 겨울을 준비 중이다.

봄부터 겨울까지 계속되는 허브향기와 다양한 테마체험들과 더불어 특색있는 겨울놀이까지 다양한 테마로 사람들의 눈길로 잡고 있으며 사랑받고 있다. 높은 나무와 나무사이에서 즐기는 친환경레포츠 시설인 “에코어드벤쳐”도 2008년 프랑스기술진에 의해 준공되었다.

그 외 가족형 동물원, 공연, 전시, 놀이문화, 다양한 체험시설, 물놀이(여름), 눈썰매(겨울), 허브먹거리 등으로 대표여행관광지로써 자리매김하고 있다.

허브힐즈에서 만나는 다양한 체험
허브힐즈에서는 다양한 체험 프로그램을 운영하여 방문객에게 색다른 재미를 선사한다. 식물심는 과정에서 허브상식까지 배우는 허브꽃심기, 수공예 천연허브비누와 아로마상식을 배우는 천연허브비누, 아로마향초와 압화(눌림꽃)로 만드는 허브양초 체험, 압화(눌림꽃)를 이용하여 다양한 소품을 만드는 허브압화공예체험 등이 있다.','053-767-6300','평　일 09:30 ~ 18:00
주　말 09:30 ~ 19:00
공휴일 09:30 ~ 19:00
＊시설이용은 10:00 ~ 18:00 / 슬로프 정설은 13:00 ~ 13:30','http://www.herbhillz.com');
Insert into TEAM2.DB_DESTINATION (NO,CITY_NO,ADDRESS,LAT,LNG,NAME,DETAILS,CONTACT,OPENTIME,SITE) values (105,300,'대구광역시 중구 동인동2가 48-4','35.868778','128.602083','국채보상운동기념공원(구, 동인공원)','과거를 통해 미래를 배우는 국채보상운동기념공원(구, 동인공원)

1907년 대구에서 비롯된 국채보상운동의 시민정신을 기념하고 제2의 국채보상운동 전개로 IMF 경제난 극복과 도심지내 녹지공간 확보 및 시민의 안락한 휴식공간 제공을 위하여 명칭 또한 『국채보상운동기념공원』으로 정하여 1998년 3월부터 1999년 12월까지 중구 동인동에 조성된 공원이다. 국채보상운동의 숭고한 정신을 기리고 많은 시민들에게 휴식공간을 제공하기 위하여 조성한 국채보상운동기념공원은 42,509㎡(12,859평)의 면적에 달구벌 대종, 종각, 녹도, 편의시설 등이 있다. 공원내 달구벌 대종은 향토의 얼과 정서가 담긴 맑고 밝은 소리가 울려 만인의 기상을 일깨우고, 화합과 번영을 염원하는 대구시민의 뜻을 온누리에 알리고자 1998년 12월 22일 동인동 국채보상운동기념공원 내에 건조 설치하였다.
 
대한제국 말기에 일어난 항일독립운동의 하나인 국채보상운동의 구국 정신을 계승하기 위하여 조성된 이 공원은 중앙도서관과 동인지하주차장 사이에 펼쳐진다. 이 곳에는 22.5t의 달구벌대종을 비롯하여, 향토서예가들이 쓴 이육사·박목월·조지훈·이호우·윤동주의 시비와 대형 영상시설, 이언적·김굉필·서거정·이황·정몽주·서상일·서상돈·이상화의 명언비가 있는 오솔길, 시원스럽게 뿜어대는 분수, 화합의 광장 등이 조성되어 있다.

지하에 3층 규모의 동인지하주차장이 마련되어 있어 시민들의 주차공간 확보를 돕고 있으며, 중앙도서관을 끼고 있어 청소년들이 많이 모인다. 시내가 가까워 연인들에겐 데이트 장소로 인기가 높다. 가장 최근에 조성된 공원으로 넓은 잔디광장과 주위로 천여그루의 수목이 심겨져 있으며, 벤치도 넉넉하게 마련되어 휴식을 즐기기에 적당하다. 또 시원스럽게 뿜어대는 분수와 정자, 시골강산 나무를 연상시키는 석조물 등이 정취를 살리고 있다. 청소년 놀이마당, 음악회, 전시회 등이 개최되고 있으며, 달구벌대종 타종의식 행사를 매주 토.일 시행함으로써 많은 관광객들이 공원을 찾고 있다.

국채보상운동기념공원의 볼거리
255m 길이의 대왕참나무 오솔길과 소나무숲, 분수와 정자, 잔디광장, 향토 출신 시인들의 시비가 세워져 있는 시상의 오솔길, 선현들의 명언비로 꾸민 명언순례의 길 등이 갖추어져 있다. 가로 9m, 세로 6m 규모의 대형 전광판을 통해 각종 생활정보와 프로그램 중계 등을 볼 수 있다.

공원 곳곳에는 낙락장송 및 이팝나무·산벚나무 등 30종 1만 2300여 그루의 수목과 원추리·은방울꽃 등 5종 3만여 본의 꽃이 심어져 있다. 또한 무게 22.5t의 달구벌 대종이 있어 해마다 이곳에서 ''제야의 종'' 타종식을 거행한다. 대구시민의 도심 속 휴식공간으로 이용되며, 각종 전시회와 공연장으로도 활용되고 있다.','053-745-6753','연중무휴','http://www.gukchae.com');
Insert into TEAM2.DB_DESTINATION (NO,CITY_NO,ADDRESS,LAT,LNG,NAME,DETAILS,CONTACT,OPENTIME,SITE) values (99,300,'대구광역시 중구 국채보상로101길 60','35.873083','128.583111','대구 오토바이골목','대구 중구 인교동과 시장북로에 위치한 오토바이 골목은 본래 하천이였으며 양쪽이 대부분 주택지였으나 하천 동편은 2미터 도로였고 하천 서편은 절벽으로 되어 위험성이 있었다. 1953년에 하천 복개(覆蓋, 더러워진 하천에 덮개 구조물을 씌워 겉으로 보이지 않도록 하는 일)로 교통에 편익을 가져오게 되고 대자연 예식장 앞 주유소와 인접되어 있고 옛 수창초등학교 입구 자동차 상가와 가까워 하천 복개한 좌우로 상점이 조성 1961년 인교동 154번지 서울 오토바이상회를 효시로 점차 확산되어 현재 점포수 40여 곳, 약 200미터 이상 오토바이 전시장을 방불케 하는 대구의 이색거리로 자리 잡고 있다. 신제품과 중고, 국산과 외제, 부품 등 오토바이에 관한 모든 것을 오토바이 골목에서 구입할 수 있다.','관광개발과(골목관광) 
053-661-2625','연중무휴','대구중구문화관광http://gu.jung.daegu.kr/culture');
Insert into TEAM2.DB_DESTINATION (NO,CITY_NO,ADDRESS,LAT,LNG,NAME,DETAILS,CONTACT,OPENTIME,SITE) values (100,300,'대구광역시 중구 삼덕동3가 327-4','35.863278','128.607333','대구올레 팔공산 코스','올레''란 제주어로 ''거릿길에서 대문까지의, 집으로 통하는 아주 좁은 골목길''을 뜻한다. 제주올레와 함께 ''느리게 걷는 여행''을 제안하며 대구녹색소비자연대에서는 2008년부터 ''대구올레''를 개발 및 운영하고 있다. 

[대구올레 팔공산 8코스]는 기점(동화사 종점)에서 시작하여 수태지까지 팔공산순환도로의 가로수 길을 걷는다. 이후 수태지의 왼편으로 빠지는 등산로를 걸어가다 보면 정글을 연상케하는 시원한 나무그늘과 계곡을 만날 수 있다. 이 구간은 다소 난이도가 있는 오르막 구간이라 주의가 요구된다. 
수태골 등산로와 부인사 등산로가 만나는 부분에는 벼락 맞은 나무가 인상적이다. 주변으로 넓은 공간이 있어 쉬어가기 좋다. 부인사 등산로를 따라 내려가면 오른편으로 신라시대 고찰 부인사가 나타난다. 부인사는 2천여명 스님들이 수도하던 곳으로, 팔만대장경보다 200년 앞섰다는 초조대장경을 보관했던 곳으로 유명하다. 부인사 입구 ‘문화해설사의 집’에 의뢰하면 흥미로운 문화해설을 들을 수 있다. 부인사 경내를 한바퀴 둘러보고 팔공산순환도로의 가로수길을 따라 기점인 동화사 종점 정류장으로 돌아온다.','대구녹색소비자연대 
팔공산녹색여가문화센터 
053-985-8030','걷기 좋은 계절 : 여름','http://www.dgcn.org');
Insert into TEAM2.DB_DESTINATION (NO,CITY_NO,ADDRESS,LAT,LNG,NAME,DETAILS,CONTACT,OPENTIME,SITE) values (101,300,'대구광역시 수성구 상동 475','35.827639','128.612472','수성유원지','수성유원지는 범물동 용지봉(629ｍ)에서 북서부로 뻗어 내린 줄기의 하부에 위치하여 주변의 완만한 산지와 수성못을 끼고 자연의 경관미를 이루고 있다. 1925년에 조성된 수성못을 중심으로 형성되었으며 저수량도 70만에 달하고 21만 8000㎡의 면적에 못 둘레도 2,020m에 이른다. 수성못은 1925년 일제강점기에 농업용수 공급용으로 조성된 인공 못이었다. 지금은 수변 휴식공간으로 활용되어 연중 풍부한 수량을 자랑하고있다. 수성못 주변에는 벤치와 수목, 산책로 유람선 선착장, 우주선, 유람선, 바이킹, 범버카, 회전목마 등의 놀이시설을 갖춘 수성랜드가 어우러져 유원지를 형성하고 있다. 보트놀이와 오리배 등을 즐길 수 있는 수성못과 어린이 놀이터, 두산폭포 등 볼거리, 즐길거리가 있어 가족나들이와 연인들의 데이트 코스로 적격이다. 2007년 9월 설치된 영상음악분수는 5월부터 10월까지 매일 4회에 주간, 야간 공연을 하며 이색적인 볼거리를 제공한다.','공원녹지과 053-666-2864','5, 8, 9, 10월
- 주간 : 13:00, 16:00 (2회, 각40분간)
- 야간 : 20:00, 21:00 (2회, 각30분간)
6, 7월
- 주간 : 13:00, 16:00 (2회, 각40분간) 
- 야간 : 20:30, 21:30 (2회, 각30분간) 
※ 매주 일요일 정기휴무 : 기계점검, 정비','대구수성구문화관광http://www.suseong.kr');
Insert into TEAM2.DB_DESTINATION (NO,CITY_NO,ADDRESS,LAT,LNG,NAME,DETAILS,CONTACT,OPENTIME,SITE) values (102,300,'대구광역시 달성군 가창면 용계리 534-1','35.793722','128.626444','에코어드벤쳐','에코어드벤쳐.
환경을 보존하고 자연 속에서 즐기는 신개념 레포츠로서, 숲 속에서 나무와 나무사이를 와이어, 목재구조물, 로프로 구성된 시설물로 연결하여 땅을 밟지 않고 공중에서 나무와 나무사이를 이동하면서 자연을 즐기고 모험심을 길러주는 자연친화적인 레포츠(Leisure Sports)를 말한다. 어린이부터 유소년, 청장년층까지 남녀노소 다양한 연령층이 즐길 수 있으며 가족과 연인이 함께 즐길 수 있는 새로운 놀이문화이다. 자연을 그대로 보존하며 그 속에서 사람과 자연이 공존하는 자연친화적인 시설물이며, 시설물들이 모두 나무의 생장을 돕는, 자연환경을 보존하는 특수한 시공기술로 건설된다. 

한국에서는 대구에 위치한 허브힐즈에서 국내 최초, 아시아 최대 규모로 2008년 6월 완공 개장하였다. 에코어드벤쳐로 명명하였으며, 프랑스 전문 기술자들이 내한하여 직접 건설하여 아시아 최대 규모이다.','053-767-6300','연중무휴 
(우천 및 현장상황에 따라 변동될 수 있음)','http://www.dalseong.daegu.kr/new/culture/html/main.html');
Insert into TEAM2.DB_DESTINATION (NO,CITY_NO,ADDRESS,LAT,LNG,NAME,DETAILS,CONTACT,OPENTIME,SITE) values (91,300,'경산시 하양읍 대구가톨릭대학교 인문외국어관','35.913667','128.809917','스페인문화원','* 스페인과 대한민국 문화의 만남, 스페인문화원 *

스페인 문화원은 2001년 8월 정식 등록되었으며, 도서관을 비롯해 3개의 강의실, 대형강연 회장과 춤, 음악 공연, 미술, 조각 등 여러 전시를 위한 대형홀, 살라 델 쁘라도(SALA DEL PRADO) 를 갖추고 있다. 또한 2002년 6월 1일 5년여의 노력끝에 스페인 정부로부터 인준을 받아 스페인 세르반테스 연구소 연맹기관이 되었다. 공식 스페인어 명칭은 Centro Asociad o al Instituto Cervantes 이다.

스페인 세르반테스 연구소는 스페인 왕이 명예원장으로 있으며, 그 밑에 수상을 비롯하여 외교부와 교육부장관이 상부로 조직되어 있다.

* 스페인문화원의 주요 사업 *

스페인문화원은 스페인 세르반테스 연구소에서 실시하는 스페인어 능력 평가 시험인 DELE 시험과 스페인의 본부 지원 하에 스페인어 강좌는 물론 여러 문화활동을 수행하고 있다. 문화원내 도서관은 모든 사람들이 이용 가능하며, 스페인어 강좌도 저렴하게 제공하고 있다. 스페인문화원의 수익금은 수강 학생에 대한 장학금 지급, 스페인 연수기회 제공, 문화활동 등으로 사용되고 있다.','053-602-7311','월~금 10:00~19:00 / 토 10:00~15:00
쉬는날 일요일, 공휴일','http://www.spain.or.kr');
Insert into TEAM2.DB_DESTINATION (NO,CITY_NO,ADDRESS,LAT,LNG,NAME,DETAILS,CONTACT,OPENTIME,SITE) values (92,300,'대구광역시 중구 달구벌대로 지하 2100','35.864611','128.597944','반월당 고로케','반월당 역사 안 중앙 분수대광장 옆 에스컬레이터를 타고 2층 식당가로 올라가면 반월당고로케 본점이다. 자그마한 가게 안에 15가지나 되는 고로케가 진열되어 있다. 야채고로케부터 게살 크림치즈 고로케, 치즈 감자 고로케, 카레 고로케, 닭가슴살 고로케 등 골라 먹는 재미가 쏠쏠하다. 반월당고로케가 전국 빵 마니아들의 입맛을 사로잡은 비결은 바로 기름을 뱉어내는 파우더 덕분이다. 반월당고로케가 개발한 기름을 뱉어내는 파우더는 바싹함이 남다른 크로켓을 만든다.','053-252-7127','11:00 ~ 19:00','http://banwoldang.com');
Insert into TEAM2.DB_DESTINATION (NO,CITY_NO,ADDRESS,LAT,LNG,NAME,DETAILS,CONTACT,OPENTIME,SITE) values (93,300,'대구광역시 남구 대명2동 17-103','35.848944','128.590861','커피와 강아지','대구광역시 남구 대명동에 위치한 커피와 강아지는 애견카페로 애견을 동반하여 방문이 가능하고, 반려견이 없더라도 카페에 상주하고 있는 강아지들과 즐거운 시간을 보낼 수 있는 공간이다. 애견카페외에도 애견을 위한 데이케어와 호텔링, 애견 유치원 등의 서비스를 제공하고 있다','070-4401-0909','12:00 ~ 23:00
쉬는날 매주 목요일, 명절당일 휴무','http://cafe.naver.com/coffeedog');
Insert into TEAM2.DB_DESTINATION (NO,CITY_NO,ADDRESS,LAT,LNG,NAME,DETAILS,CONTACT,OPENTIME,SITE) values (94,300,'대구광역시 동구 각산동 532-3','35.880417','128.719139','황두루미','황두루미는 한우전문구이점으로 최상급 ++등급의 한우를 제공한다. 주요메뉴는 꽃갈비살과 꽃등심으로 저렴한 가격에 제공되며, 점심특선인 육회비빔밥은 예약을 하지 않는 경우 맛볼 수 없는 경우가 많다. 대구혁신도시 내 위치하고 있으며 동대구 IC에서 10분내 도착으로 접근성이 우수하며, 대구혁신도시 내에 위치하면서도 나불지(노하지)라는 못에 접해있어 경관 또한 우수하다.','053-957-9300','11:00 ~ 22:00
쉬는날 매주 일요일','http://www.dong.daegu.kr/main/page.htm?mnu_siteid=dongu_k'|| chr(38) ||'mnu_uid=52'|| chr(38) ||'');
Insert into TEAM2.DB_DESTINATION (NO,CITY_NO,ADDRESS,LAT,LNG,NAME,DETAILS,CONTACT,OPENTIME,SITE) values (95,300,'대구광역시 중구 공평동 70-1','35.869111','128.599611','더 반하다','더 반하다는 대구 중구 공평동에 있는 빙수 전문 카페이다. 동성로에 위치한 더 반하다는 다양한 종류의 빙수, 커피, 음료, 디저트 등 다양한 메뉴를 제공하며, 메론송이빙수가 이곳의 인기 메뉴이다.','053-255-0705','14:00 ~ 22:00
쉬는날 연중무휴','http://cityfood.co.kr/h.php?id=30908');
Insert into TEAM2.DB_DESTINATION (NO,CITY_NO,ADDRESS,LAT,LNG,NAME,DETAILS,CONTACT,OPENTIME,SITE) values (96,300,'대구광역시 서구 중리동 1136-32','35.862639','128.543972','성화불고기식당','[대구광역시 서구 중리동에 있는 곱창전골 전문 성화불고기식당]
성화불고기식당은 중리동 곱창골목에 위치한 곱창전골 전문 음식점이다. 성화불고기식당은 등심+곱창전골을 비롯하여 주먹시, 생등심, 갈비살 등 다양한 메뉴를 제공한다. 성화불고기식당에서는 전골을 맛본 뒤 남은 양념과 함께 볶은 볶음밥을 맛볼 수 있다.','053-566-2616','10:00 ~ 22:00
쉬는날 명절연휴 (전화로 문의)','http://tour.dgs.go.kr/');
Insert into TEAM2.DB_DESTINATION (NO,CITY_NO,ADDRESS,LAT,LNG,NAME,DETAILS,CONTACT,OPENTIME,SITE) values (97,300,'대구광역시 수성구 범어3동 1003-4','35.864639','128.619278','신천궁전떡볶이','[20여년 전통의 떡볶이 전문점 신천궁전떡볶이]
궁전떡볶이는 대구 수성구 신천시장 내에 있는 떡볶이 전문점이다. 1993년 신천시장에서 문을 연 궁전떡볶이는 신천시장 주변 재개발 이후 시장 안에 남은 가장 오래된 떡볶이 전문점이다. 메뉴로는 떡볶이, 튀김만두, 튀김오뎅, 계란, 쿨피스를 제공하며, 저렴한 가격에 맛볼 수 있다.','053-741-4158','11:00 ~ 22:00 (주문마감 21:30)
쉬는날 매주 화요일 휴무','http://www.suseong.daegu.kr/04_culture/page.htm?mnu_uid=2096');
Insert into TEAM2.DB_DESTINATION (NO,CITY_NO,ADDRESS,LAT,LNG,NAME,DETAILS,CONTACT,OPENTIME,SITE) values (98,300,'대구광역시 북구 동변동 655-1','35.921722','128.601306','어바웃샤브(동서변점)','어바웃샤브는 기존의 비싼 가격과 다소 무거운 느낌을 주는 샤브샤브의 이미지를 벗어나 대중 음식으로서의 샤브샤브라는 새로운 스타일의 음식문화를 시도하는 곳으로, 대표적인 웰빙 푸드인 샤브샤브의 모든것을 즐길 수 있는 프레쉬 샤브 다이닝이다. 우리 고유의 탕 문화를 바탕으로 일본의 샤브샤브, 중국의 훠궈, 태국의 수끼등 각국의 독특한 샤브샤브를 한국인의 입맛에 맞도록 새롭게 요리한 음식들을 선보이고 있다. 샤브에는 항상 갖가지 신선한 야채와 버섯, 육류, 해산물이 준비되어 있고, 이 재료들을 매운맛의 홍탕, 사골육수 백탕, 가다랭이 육수인 해탕 등의 3가지 육수에 살짝 데쳐서 매콤달콤한 칠리소스와 고소한 겨자소스, 레몬향이 상큼한 폰즈 소스에 찍어 먹는다.','053-955-2500','11:30 ~ 23:00
쉬는날 명절 연휴 휴무 (전화문의 요망)','http://shabu.co.kr');
Insert into TEAM2.DB_DESTINATION (NO,CITY_NO,ADDRESS,LAT,LNG,NAME,DETAILS,CONTACT,OPENTIME,SITE) values (68,400,'부산광역시 북구 백양대로 1186','35.208167','129.005222','덕천고가','현대인의 건강에 꼭 필요한 우거지로 만든 장국밥이 맛있는 곳이다.','051-337-3939','24시간
연중 무휴','http://www.bsbukgu.go.kr/index.do?menuCd=DOM_000000107000000000##');
Insert into TEAM2.DB_DESTINATION (NO,CITY_NO,ADDRESS,LAT,LNG,NAME,DETAILS,CONTACT,OPENTIME,SITE) values (69,400,'부산광역시 영도구 동삼1동 628-1','35.071889','129.057500','목장원','목장원은 한국전통의 토속적인 분위기와 현대적인 세련미를 두루 갖춘 식당으로 각 층마다 특징있는 인테리어와 부산지역에서 최대 규모를 자랑하고 있다. 식사 후 산책로와 전망대에서 가족, 친구와 함께 휴식을 취할 수도 있다.','051-404-5000','11:30 ~ 22:00
연중무휴','http://www.mokjangwon.co.kr');
Insert into TEAM2.DB_DESTINATION (NO,CITY_NO,ADDRESS,LAT,LNG,NAME,DETAILS,CONTACT,OPENTIME,SITE) values (70,400,'부산광역시 해운대구 우1동 627-6','35.159833','129.159500','강가(해운대점)','인도 북부 평원지대를 흐르는 갠지스강의 인도어인 <강가>는 이름 그대로 정통 인도레스토랑이다. 10년 이상 정통 인도요리 경력을 가지고 있는 인도 요리사가 있어 현지서 맛볼 수 있는 최상의 음식들을 제공하며 한국인들의 입맛에도 잘 맞아 많은 이들의 발길이 끊이지 않고 있다. 
특히 인기 있는 대표 메뉴로는 인도 전통의 향신료를 이용하여 절인 닭을 탄두(화덕)에 구워낸 탄두리 치킨과 탄두에 구운 인도의 전통빵인 난, 신선한 토마토와 크림, 치즈로 만든 연한 치킨 카레인 치킨 마크니 등이 있다. 인도의 강한 향이 부담스러운 초보자에게 맞는 카레 메뉴로는 팔락 파니르, 치킨 마크니, 비프도 피아자 등이 있으며 탄두리 치킨과 탄두리 프로운도 적합하다. 카레와 함께 인도 전통 빵인 난을 함께 곁들여 먹는 것을 추천한다.','051-740-6670','점심 11:30 ~ 15:00 (주문마감 14:30) 
저녁 17:30 ~ 22:00 (주문마감 21:30) 
주말 및 공휴일 11:30 ~ 22:00 (주문마감 21:30)
연중무휴','http://ganga.co.kr');
Insert into TEAM2.DB_DESTINATION (NO,CITY_NO,ADDRESS,LAT,LNG,NAME,DETAILS,CONTACT,OPENTIME,SITE) values (71,400,'부산광역시 수영구 망미2동 195-1','35.178611','129.115389','오륙도 스카이워크','오륙도 스카이워크의 옛 지명은 “승두말”이다. 승두말은 말안장처럼 생겼다고 「승두마」라고 부르는 것이 승두말로 되었으며 해녀들과 지역주민들은 「잘록개」라고 불렀다. 바다를 연모하는 승두말이 오륙도 여섯섬을 차례대로 순산하고 나서 승두말의 불룩했던 부분이 잘록하게 들어가 선창나루와 어귀의 언덕을 만들었다는 것이다.
동해와 남해의 경계지점이기도 한 이곳 승두말에 2012년 9월 12일에 착공하여 2013년 10월 18일 개장하면서 “하늘위를 걷는다”는 의미를 담아 “오륙도 스카이워크”라 이름하였다.
스카이워크는 35M 해안절벽 위에 철제빔을 설치하고 그 위에 유리판 24개를 말발굽형으로 이어놓은 15M의 유리다리이다. 바닥유리는 12mm유리판 4장에 방탄필름을 붙혀 특수 제작한 두께 55.49mm의 고하중 방탄유리로 “안전하게 설계되었다.”
발 아래 투명유리를 통해 파도가 절벽을 때리는 모습은 현기증이 날 정도로 아찔함을 느끼게 한다. 스카이워크 앞에 펼쳐진 바다는 시시때때로 아름답고 다채로운 색상을 연출하고 있어 사진촬영의 명소이며, 날씨가 좋은 날에는 대마도를 가장 가까이 볼 수 있는 곳이다. 최근 부산 Korea Route내 관광지로 선정되었다.','부산 남구 시설관리사업소 051-607-4931~6
해파랑길 관광안내소 051-607-6395','개 방 일 : 연중무휴(토·일 근무, 단 법정공휴일은 휴무)
개방시간 : 09:00 ~ 18:00
※ 눈, 비, 강풍 시 입장 제한','부산남구문화관광http://tour.bsnamgu.go.kr');
Insert into TEAM2.DB_DESTINATION (NO,CITY_NO,ADDRESS,LAT,LNG,NAME,DETAILS,CONTACT,OPENTIME,SITE) values (72,400,'부산광역시 광복동 부산타워','35.101250','129.032306','부산타워','부산타워는 부산을 상징하는 탑으로 전망대는 경주 불국사 다보답 지붕에 얹혀 있는 보개(寶蓋)를 본떠 만든 것이다. 해발 69m 높이 120m로 세워졌으며, 전망대에서 내려다보는 부산의 야경은 아름답다. 시민들은 물론 관광객들의 많은 사랑을 받고 있으며 충무공동상, 시민의 종, 백산 안희제, 꽃시계 등의 볼거리가 있다.','051-257-9771','09:00~22:00 (매표 마감시간 21:40)
연중무휴','http://www.busantower.co.kr');
Insert into TEAM2.DB_DESTINATION (NO,CITY_NO,ADDRESS,LAT,LNG,NAME,DETAILS,CONTACT,OPENTIME,SITE) values (66,400,'부산광역시 남구 용호로76번길 25-16','35.124444','129.111000','할매팥빙수단팥죽','[부산 용호동에 위치한 할매팥빙수단팥죽]
할매팥빙수단팥죽은 30년 넘게 팥빙수와 단팥죽을 메뉴로 한 팥빙수 전문점이다. 
부산 이기대공원과도 인접해 있으며, 이기대공원 버스정류소와도 가까워 대중교통을 이용하면 편리하다.','051-623-9946','하절기 09:00 ~ 23:00
동절기 09:00 ~ 22:00','http://tour.bsnamgu.go.kr/cultural/index.html');
Insert into TEAM2.DB_DESTINATION (NO,CITY_NO,ADDRESS,LAT,LNG,NAME,DETAILS,CONTACT,OPENTIME,SITE) values (67,400,'부산광역시 해운대구 해운대로594번가길 6','35.160750','129.156750','대만만두','해운대 해수욕장 인근에 위치한 중화요리 전문점으로 , 매생이누룽지탕과 만두가 맛있는 곳이다.','051-731-5245','09:40 ~ 22:00
연중무휴','http://tour.haeundae.go.kr/main/');
Insert into TEAM2.DB_DESTINATION (NO,CITY_NO,ADDRESS,LAT,LNG,NAME,DETAILS,CONTACT,OPENTIME,SITE) values (73,400,'부산광역시 영도구 동삼2동 1043-2','35.061694','129.076833','해양스포츠교실','청소년 및 일반인을 대상으로 다양한 해양레저스포츠 체험프로그램 제공을 통해 해양레저스포츠 저변확대
해양레저스포츠 보급을 통한 관련산업 육성으로 해양산업 기반구축 및 신해양문화 성장동력 확보하고 있다.','051-405-4111','연중무휴','http://club.cyworld.com/ClubV1/Home.cy/52862700');
Insert into TEAM2.DB_DESTINATION (NO,CITY_NO,ADDRESS,LAT,LNG,NAME,DETAILS,CONTACT,OPENTIME,SITE) values (74,400,'부산광역시 영도구 동삼1동 산149-4','35.074111','129.054028','영도관광사격장','부산 최초의 실탄사격장인 부산영도관광사격장은 일반인들의 생각과는 달리 초보자라도 현장에서 코치의 간단한 교육을 받으면 즉시 즐길 수 있는 손쉬운 레저스포츠로 스트레스해소와 집중력 향상에 좋은 스포츠 이다.','051-405-9130~1','연중무휴','http://www.koreashooting.com');
Insert into TEAM2.DB_DESTINATION (NO,CITY_NO,ADDRESS,LAT,LNG,NAME,DETAILS,CONTACT,OPENTIME,SITE) values (75,400,'부산광역시 영도구 동삼1동 산149','35.072278','129.053889','함지골청소년수련관','새시대 청소년상 정립을 목표로 하는 함지골청소년수련관은 부산광역시에 위치한 함지골청소년수련관은 지난 96년 개원한 이래 전국에서 모범적인 수련관으로 손꼽히고 있다. 수련관은 원해 부상광역시에서 운영하였으나 1999년도에 재단이 부산광역시로부터 함지골 청소년 수련관을 수탁하여 운영하게 되었다. 현재 수련관은 부산광역시의 운영기조를 바탕으로 청소년들이 스스로 찾을 수 있는 마당, 청소년들이 직접 꾸며내는 수련관이 될 수 있도록 많은 노력을 기울이고 있다. 함지골청소년수련관은 청소년들이 국제화 시대에 중심역할을 수행할 수 있도록 육성하는 것을 기본 목표로 삼고 있다. 또한 이러한 목표를 기반으로 하여 다양한 프로그램을 개발 운영함으로써 새시대 청소년상 정립을 꾀하는 전문적인 수련기관이다.','051-405-5223~4','연중무휴(단, 수영장은 1,3,5주 목요일, 매달 마지막 일요일 휴장)','www.hamji.or.kr');
Insert into TEAM2.DB_DESTINATION (NO,CITY_NO,ADDRESS,LAT,LNG,NAME,DETAILS,CONTACT,OPENTIME,SITE) values (76,400,'부산광역시 해운대구 해운대해변로 217','35.159278','129.155361','해운대그랜드호텔(실내골프연습장)','해운대 그랜드 호텔의 완비된 피트니스 센터에서 활기찬 운동을 즐겨보십시오. 레크레이션을 위해서 실내 골프 연습장을 방문할 수도 있습니다. 레스토랑 티파니에서 아침 및 저녁 식사로 맛있는 뷔페를 즐기실 수 있으며, 중식당 만리성에서는 다양한 중국 요리를 맛보실 수 있습니다. 로비 라운지 라운드에서 베이커리, 브런치, 티'|| chr(38) ||'바 등 차별화된 All-day Dining을 즐겨보십시오.','051-740-0444','쉬는날 첫째주 화요일','http://www.haeundaegrandhotel.com');
Insert into TEAM2.DB_DESTINATION (NO,CITY_NO,ADDRESS,LAT,LNG,NAME,DETAILS,CONTACT,OPENTIME,SITE) values (77,400,'부산광역시 해운대구 중동 1128-31','35.160278','129.164611','파라다이스 카지노 부산','부산 바다와 가장 가까운 곳에서 다양한 카지노 게임을 즐길 수 있다. 파라다이스 카지노는 본관 1층에 있으며 외국인 전용 시설로 블랙잭, 바카라, 룰렛, 슬롯머신 등 다양한 게임을 구비하고 있다. 연중무휴 24시간 운영된다.','051-742-2121','연중무휴','http://www.paradisecasino.co.kr/kor/index.do');
Insert into TEAM2.DB_DESTINATION (NO,CITY_NO,ADDRESS,LAT,LNG,NAME,DETAILS,CONTACT,OPENTIME,SITE) values (78,400,'부산광역시 기장군 기장읍 당사리 51','35.191944','129.210778','롯데 프리미엄아울렛 동부산점','롯데몰 동부산점은 프리미엄 아울렛, 쇼핑몰, 롯데마트, 롯데시네마가 결합된 복합 쇼핑몰이다. 롯데몰 동부산점은 그리스 산토리니 컨셉을 바탕으로 한 건축의 차별화로 넓은 영업면적 외에 등대전망대, 산토리니 분수광장, 헤라 로즈가든, 옥장정원 등의 랜드마크로 구성되어 있다. 또한 다양한 해외 패션브랜드와 레저/스포츠 매장, 화장품 편집샵, 신진 디자이너 쇼룸 등의 매장을 비롯하여 플레이타임, 레고샵, 상권 최대 지역 향토특산물 매장 등 전 연령대를 아우르는 약 550여개의 브랜드의 상품을 합리적인 가격에 제공한다. 지역 맛집을 포함한 아울렛 최대 규모의 F'|| chr(38) ||'B와 도장공방, 도자기, 공예품 등 점내 동선구간에 조성되어 있는 골목길 특화매장에서 쇼핑과 함께 즐겁고 편안한 휴식시간을 누릴 수 있도록 구성되어있다.','051-901-2500','[월 ~ 목]
오픈 10:00 ~ 폐점 20:00
[금 ~ 일]
오픈 10:00 ~ 폐점 21:00','http://store.lotteshopping.com');
Insert into TEAM2.DB_DESTINATION (NO,CITY_NO,ADDRESS,LAT,LNG,NAME,DETAILS,CONTACT,OPENTIME,SITE) values (79,400,'부산광역시 부산진구 부전2동 536-3','35.151694','129.059528','핫트랙스 (부산점)','핫트랙스는 트렌디한 문구∙ 기프트 아이템, 감성적인 음악을 선보이며 고객에게 일상 속에서 경험할 수 있는 ‘재미와 즐거움’을 선사하고 있다. 핫트랙스에 방문한 고객이 자신에게 맞는 다양한 아이템을 경험하고 선택하는 과정을 통해 ‘나의 가치’와 ‘나’를 찾고, 새로워진 ‘나’를 표현할 수 있게 해주는 복합 문화 쇼핑 공간이다.','051-819-9961','11:00 ~ 21:30','http://www.hottracks.co.kr');
Insert into TEAM2.DB_DESTINATION (NO,CITY_NO,ADDRESS,LAT,LNG,NAME,DETAILS,CONTACT,OPENTIME,SITE) values (80,400,'부산광역시 해운대구 우1동 1406-2','35.158361','129.146500','홈플러스 관광기념품점(부산 해운대점)','부산 해운대 홈플러스 지하1층에 위치한 관광기념품관이다. 영업시간은 10:00~22:00까지 이다. 기념품 구성은 부산의 상징과 이미지를 담은 기념품을 포함하며, 관광기념품 공모전 수상작(2012년도 대한민국관광기념품공모전/부산시 수상작) 및 한국관광명품협회 회원사 제품이 판매 되고 있다.','051-746-9061','10:00~22:00
쉬는날 매월 2, 4주 일요일','http://tour.haeundae.go.kr/main/');
Insert into TEAM2.DB_DESTINATION (NO,CITY_NO,ADDRESS,LAT,LNG,NAME,DETAILS,CONTACT,OPENTIME,SITE) values (81,400,'부산광역시 금정구 구서1동 87-9','35.247417','129.089694','구서 오시게시장','구서동 지하철역에서 구서동 부산은행 방향 우측에 위치한 구서 오시게시장.  한 때 점포가 400여 개에 이르며 많은 손님들이 찾았던 이곳의 옛 명칭은 구서 종합시장이다. 이곳에는 요즘도 할머니들이 직접 키우고 만든 채소, 나물, 손두부, 쌉싸름한 도토리 묵 등 정겨운 인심과 넉넉한 정을 느껴볼 수 있다.','051-581-4830~1','08:00~20:00','http://tour.geumjeong.go.kr/index.geumj');
Insert into TEAM2.DB_DESTINATION (NO,CITY_NO,ADDRESS,LAT,LNG,NAME,DETAILS,CONTACT,OPENTIME,SITE) values (82,400,'부산광역시 해운대구 우1동 587-1','35.164389','129.161361','부산 스펀지','해운대 스펀지는 부산의 중심 생활권 해운대에 자리 잡고 있어 다양한 놀거리와 볼거리, 먹거리를 경험할 수 있는 엔터테인먼트몰로써 기존 쇼핑몰들이 수백 개의 의류 점포를 단순히 모아놓은 것과 달리 영화, 문화, 오락, 외식시설이 있어 고객의 만족도를 높인다.','고객상담실 : 051-740-0819
안내데스크 : 051-740-0800','연중무휴','http://tour.haeundae.go.kr/main/');
Insert into TEAM2.DB_DESTINATION (NO,CITY_NO,ADDRESS,LAT,LNG,NAME,DETAILS,CONTACT,OPENTIME,SITE) values (83,400,'부산광역시 중구 신창동2가 26-13','35.100750','129.029139','국제시장 조명의 거리','온 골목이 알록달록, 반짝반짝! 신비롭고 아름다운 조명으로 가득한 곳, 부산 남포동 국제시장 안에 자리잡은 조명의 거리이다. 이 곳은 화려한 조명기구와 특수한 공구를 시중보다 20%~30% 저렴한 가격에 구매할 수 있는 곳이다. 실내외에 쓰이는 예쁘고 실용적인 조명기구와 업소용 조명기구 등 모든 종류의 조명기구가 총망라되어 있다. 야간에만 볼 수 있는 조명의거리 입구의 화려한 조명도 관광객의 눈길을 사로잡는다.','051-600-4061','09:00 ~ 20:00
쉬는날 매월 1,3주 일요일 휴무','http://tour.bsjunggu.go.kr/main/main.php');
Insert into TEAM2.DB_DESTINATION (NO,CITY_NO,ADDRESS,LAT,LNG,NAME,DETAILS,CONTACT,OPENTIME,SITE) values (84,400,'부산광역시 중구 남포동4가 37-1','35.096806','129.030500','부산 자갈치시장 건어부','부산 최고의 대표적 명물 자갈치 시장은 1945년 해방과 더불어 귀환한 동포 및 1950년 6.25전쟁 발발로 피난온 피난민과 더불어 자갈마당민 남항일대 노점상을 중심으로 형성된 동양최대의 어시장으로써 바닷가에서 나는 모든 수산물을 취급하는 종합어시장이다. 부산자갈치시장 지상 2층 건어부는 건어물을 전문적으로 취급하는 시장이다. 이곳의 점포에서 마른멸치, 마른오징어, 새우, 각종 포 등 건어물과 김, 미역, 조개 등 해산물 등을 판매하고 있다. 전국의 중간 도매상들은 물론 일반 소비자들에게도 싼값으로 도ㆍ소매하는 부산 제일의 건어물 시장이다.','부산어패류처리조합 051-245-2594~5','06:00~22:00
쉬는날 매월 1,3째주 화요일 휴무','http://www.jagalchimarket.or.kr');
Insert into TEAM2.DB_DESTINATION (NO,CITY_NO,ADDRESS,LAT,LNG,NAME,DETAILS,CONTACT,OPENTIME,SITE) values (85,300,'대구광역시 동구 동부로 148','35.876917','128.628250','대구시니어체험관','대구시니어체험관은 고령친화제품 및 서비스종합체험관으로 고령친화산업 육성을 목적으로 구축되었다. 대구ㆍ경북지역의 고령친화산업 거점 구축으로 시니어(노인) 층의 미래지향적 가치관 형성 및 세대 간 이해와 통합의 긍정적 사회상을 마련하고자 노인생애체험과 고령친화제품 전시 및 체험, 시니어 문화센터를 운영하고 있다.','053-740-1100','10:00 ~ 17:00
쉬는날 주말, 공휴일','https://www.dgscc.net');
Insert into TEAM2.DB_DESTINATION (NO,CITY_NO,ADDRESS,LAT,LNG,NAME,DETAILS,CONTACT,OPENTIME,SITE) values (86,300,'대구광역시 달성군 유가면 상리 687','35.686389','128.465194','국립대구과학관','국립대구과학관은 놀이를 통해 쉽게 과학을 배우고 체험하는 과학놀이터이다. 직접 보고 만지고 체험할 수 있는 다양한 과학체험프로그램이 마련되어 있다. 또한 국립대구과학관은 다양한 과학프로그램이 있어서 프로그램을 참여할 수 있으며 또래와 함께 무한한 상상력을 펼칠 수 있다.','053-670-6114','09:30~17:30
※ 입장종료시간 : 16:30
※ 법정 선거일 및 명절(설,추석)은 당일 13:00부터 개관
매주 월요일(월요일이 공휴일인 경우 다음날 휴관), 법정공휴일 다음날, 1월 1일, 공휴일의 다음날이 토요일인 경우 개관','http://www.dnsm.or.kr');
Insert into TEAM2.DB_DESTINATION (NO,CITY_NO,ADDRESS,LAT,LNG,NAME,DETAILS,CONTACT,OPENTIME,SITE) values (87,300,'대구광역시 동구 효목1동 산234-20','35.879583','128.652083','아양아트센터(구, 동구문화체육회관)','아양아트센터(구, 동구문화체육회관)는 문화, 교육 그리고 체육을 통해 동구민들이 풍요로운 삶을 살도록 하기 위해 공연, 전시, 문화강좌, 체육센터 등 다양한 시설을 갖추고 있다. 대공연장(1,165석), 가변형 블랙박스 극장(200석), 야외공연장(400석), 놀이마당 등의 공연장과 전시실, 문화예술 강의 시설과 웨딩홀 그리고 수영, 헬스클럽 등 건강증진을 위한 체육센터가 있다. 2013년 3월 1일 동구문화체육회관에서 아양아트센터로 명칭이 변경되었다.','053-951-3300','연중무휴','http://www.ayangarts.or.kr');
Insert into TEAM2.DB_DESTINATION (NO,CITY_NO,ADDRESS,LAT,LNG,NAME,DETAILS,CONTACT,OPENTIME,SITE) values (88,300,'대구광역시 동구 용수동 산72','35.990889','128.694806','팔공산 케이블카','경사가 있고 긴 코스이기에 경치를 구경하면서 동시에 스릴도 함께 누릴 수 있다. 케이블카 정상역은 신림봉 꼭대기에 위치하고 있으며 비로봉 정상에 있는 제천단과 동쪽 갓바위 부처님과 함께 기복신앙의 대표적인 장소이다.케이블카 정상역은 제천단과 대구월드컵경기장과 일직선상에 위치하며 봉황이 날개를 펴고 날아오르는 형상에서도 몸통의 중심부에 위치하여 풍수지리적으로도 아주 좋은기운을 가진 곳이다.
※ 급행1, 팔공1','053-982-8801','09:30~17:00
※ 월별 마감시간 상이
쉬는날 매주 월요일(단, 법정공휴일 월요일은 운행)','http://www.palgongcablecar.com');
Insert into TEAM2.DB_DESTINATION (NO,CITY_NO,ADDRESS,LAT,LNG,NAME,DETAILS,CONTACT,OPENTIME,SITE) values (89,300,'대구광역시 북구 관음동 1372','35.935306','128.546111','대구북구문화예술회관','북구문화예술회관은 1999년 10월 북구민의 문화예술향유기회 확대를 목적으로 개관하여 지역민의 문화예술교육, 구민들과 전문예술인들의 창작 및 발표활동의 중심지가 되고 있다.
2001, 2002년 전국공연장 운영부문 최우수상을 수상하였으며 연간 40여회의 수준높고 다양한 자체 기획공연과 전시회를 개최하고 있다. 구민들의 특성에 맞는 다양한 문화프로그램들을 개발하여 진행하고 있으며 2010년부터 대구필하모니오케스트라가 상주예술단체로 활동하며 특별히 어린이, 청소년의 문화예술교육에도 힘쓰고 있다.
그 외 100여 과목의 문화강좌들을 실시하고 있으며 스포츠센터도 갖추고 있다. 2012년 5월 5일 어린이날 축제, 5월 12일 대구필하모니오케스트라 공연, 7월에서 9월까지 매주 토요일에는 야외공연장에서는 토요문화마당공연, 4월부터 11월까지는 한국을 빛낸음악가 시리즈 공연이 4회 개최되는 등 매월 다양한 공연들을 진행하고 있다. 또한, 토요 휴업일을 맞아 다양한 프로그램들을 계획하고 있다.
2010년, 2011년에 걸쳐 공연장 의자, 음향, 조명 시설들을 전면 교체하여 최고의 시설로 관객들에게 서비스하고 있다.','053-665-3081~4','09:00~22:00
연중무휴','http://www.bukarts.org');
Insert into TEAM2.DB_DESTINATION (NO,CITY_NO,ADDRESS,LAT,LNG,NAME,DETAILS,CONTACT,OPENTIME,SITE) values (90,300,'대구광역시 북구 산격2동 1676','35.907222','128.613278','엑스코(EXCO)','* 국제규모의 첨단 전시ㆍ컨벤션센터, EXCO *

EXCO는 2001년 4월 개관된 국제규모의 첨단 전시ㆍ컨벤션센터이다. 국제청년회의소 아시아태평양대회(JCI ASPAC), 대구국제광학전(DIOPS), 대구국제섬유전(PID), 국제정보디스플레이 학술대회 및 전시회(IMID) 등 대형 국제행사를 성공적으로 개최하였다. 또한, 2003년 하계유니버시아드대회의 메인 프레스센터(MPC)와 국제방송센터(IBC)로 지정되어 성공적 대회 개최를 지원하였다.

* EXCO의 시설 *

EXCO의 주요 시설로는 전문전시장2, 전시·컨벤션홀, 국제회의실 1, 소회의실 6, 회의실 3, 영상회의실 1, 옥외전시장 등이 있으며, 엑스코몰, 레스토랑, 전문 식당가, 푸드코트, 은행, 우체국, 여행사, 커피숍, 편의점, 의무실, 대구·경북 중소기업종합지원 센터 등의 부대시설도 갖추어져 있어 전시ㆍ컨벤션센터의 역할을 훌륭히 수행하고 있다.','053-601-5000','전시,공연마다 다름','http://www.excodaegu.co.kr');
Insert into TEAM2.DB_DESTINATION (NO,CITY_NO,ADDRESS,LAT,LNG,NAME,DETAILS,CONTACT,OPENTIME,SITE) values (24,100,'서울특별시 마포구 합정동 양화로 45 메세나폴리스','37.551250','126.913333','메세나폴리스 몰','당신을 만나가러 가는 어느 멋진 길...
쇼핑문화공간 메세나폴리스 몰

메세나폴리스 물은 협곡형 스트리트 몰로써 패션, 뷰티 등의 쇼핑 뿐만 아니라, 다양한
푸드 및 음료를 드실 수 있는 다양한 브랜드가 입점해 있으며, 롯데시네마 영화관과
롯데카드 아트센터 공연장 등 문화 생활을 영위할 수 있는 공간과 주변의 자연공간에서
휴식을 취할 수 있는 공원이 주변에 있습니다.','02-6357-0108','(홈플러스는 10:00~24:00)
·쉬는날 매장별 휴무일 상이.
(홈플러스는 매월 2, 4번째 일요일 휴점)','http://mecenatpolismall.co.kr');
Insert into TEAM2.DB_DESTINATION (NO,CITY_NO,ADDRESS,LAT,LNG,NAME,DETAILS,CONTACT,OPENTIME,SITE) values (25,100,'서울특별시 영등포구 여의동 23-1','37.525694','126.925444','IFC몰','IFC몰은 세계적인 건축설계 및 인테리어사인 베노이(Benoy)가 기존의 규격화된 쇼핑몰과 차별화된 디자인을 선보이며, 각 브랜드 개성에 맞게 샵 프런트를 독창적으로 연출하여 이국적인 분위기를 느낄 수 있다. 글라스 파빌리온을 통해 자연채광을 풍부하게 제공하고, 심플하고 넓은 쇼핑 동선이 갖춰져 편안한 쇼핑을 즐길 수 있다.
아울러, IFC몰은 미국의 부동산개발사인 AIG Global Real이 개발을 담당하고, 미국의 대표적인 쇼핑몰 개발 운영사로 27개의 쇼핑몰을 운영하고 있는 Taubman이 60년간 축적된 노하우를 토대로 인터내셔널 매뉴얼에 따라 운영한다. 국내 최초로 인터내셔널 매니지먼트 시스템에 따라 운영되어 앞선 쇼핑 문화를 즐길 수 있다.
IFC MALL은 글로벌 SPA 패션H'|| chr(38) ||'M, 홀리스터, 자라, 유니클로, 마시모두띠, 에잇세컨즈 등의 브랜드와 망고, 바나나리퍼블릭, 갭 등 글로벌 패션 브랜드와 다이닝, 엔터테인먼트를 한 자리에서 만날 수 있는 International style shopping mall 로,글로벌 트렌드를 스마트하게 즐길 수 있다.','02-6137-5000','10:00~22:00
연중무휴','http://ifcmallseoul.com/jsp/store/floorGuide.do');
Insert into TEAM2.DB_DESTINATION (NO,CITY_NO,ADDRESS,LAT,LNG,NAME,DETAILS,CONTACT,OPENTIME,SITE) values (26,100,'서울특별시 금천구 디지털로 188','37.477333','126.887611','W몰(W-MALL)','2007년 2월 오픈 한 W몰은 금천구 가산동 패션타운에 위치한 복합테마쇼핑몰로, 여성복, 남성복, 캐주얼, 패션잡화, 스포츠, 아웃도어, 아동복 등 국내외 300여 개의 유명 브랜드들을 1년 내내 90~50% 할인된 가격에 만날 수 있다. 특히, W몰은 고객서비스센터, VIP 라운지, 스타일라운지, 대형 키즈파크 등 다양한 고객편의시설을 갖춰 백화점 형태의 원스톱 쇼핑 공간으로 각광받고 있다. 또한, 아울렛 업계 최초의 VIP라운지 운영, CS 전담팀 구성, 층 별 고급 방향제 설치, 쇼핑 편의를 위한 남성 휴게실 운영, 옥상 테마공원 등 기존 아울렛에서는 볼 수 없는 차별화와 고급화로 연간 약 3천억 원의 매출을 올리고 있다. 이와 함께 W몰은 2013년 7월부터 하프클럽과 전략적 제휴를 맺어 온라인몰을 운영하며 온라인 사업 강화에도 역량을 집중하고 있다.','02-2081-0114','평일 오전 10시 30분~오후 9시
주말 및 공휴일 오후 9시 30분 연장 영업','http://w-mall.co.kr');
Insert into TEAM2.DB_DESTINATION (NO,CITY_NO,ADDRESS,LAT,LNG,NAME,DETAILS,CONTACT,OPENTIME,SITE) values (27,100,'서울특별시 중구 명동2가 1-7','37.562778','126.986778','아임쇼핑 명동점 (꿈꾸는청년가게)','아임쇼핑 명동점 (꿈꾸는청년가게)''는 대한민국 정부와 서울시에서 직접 운영하는 우수 상품 가게이다. 매장 1, 2층에 총 299㎡(90평) 규모로 9개 상품군 1,400여개 상품을 전시·판매하고 있다.','02-778-6678','10:00~21:30
연중무휴','http://tour.junggu.seoul.kr/tour/');
Insert into TEAM2.DB_DESTINATION (NO,CITY_NO,ADDRESS,LAT,LNG,NAME,DETAILS,CONTACT,OPENTIME,SITE) values (28,100,'서울특별시 강남구 신사동 655-3','37.525389','127.038333','쇼퍼홀릭','쇼퍼홀릭은 미국 및 유럽의 최신 유행 브랜드를 국내에 도입하여 국내에 전파하는 수입멀티 편집샵으로써 6개의 셀렉트샵을 운영하고 있으며 로빈스진, 제이브랜드, 얼터네이티브, 291 등의 브랜드를 홀세일 비즈니스 및 국내 3개 백화점에 입점하여 운영하고 있는 회사이다.','쇼퍼홀릭 (매장) 02-542-2428
쇼퍼홀릭 (본사) 02-3443-9131','11:00 ~ 20:00','http://kr.tour.gangnam.go.kr/');
Insert into TEAM2.DB_DESTINATION (NO,CITY_NO,ADDRESS,LAT,LNG,NAME,DETAILS,CONTACT,OPENTIME,SITE) values (29,500,'인천광역시 남동구 논현1동 111-330','37.399417','126.740417','소래포구','소래포구는 인천 남동구에 위치해 있으며, 수도권에 가장 쉽게 바다를 느낄 수 있는 여행지 중 하나이다. 소래포구는 아픈 과거를 가지고 있고 또한 그 아픈 과거가 만들어낸 관광지다. 1930년 후반 화약의 원료인 양질의 소금을 이 지역에서 수탈하기 위해 철도를 건설하면서 소래포구의 발전사가 시작된 탓이다. 해방후에는 실향민들이 모여들어 무동력선 한 두 척으로 새우를 잡고 젓갈을 만들어 수인선 열차를 타고 인천, 수원, 부평, 서울 등지로 새벽부터 새우젓을 이고, 지고 나가 팔면서 소래사람들의 삶은 꾸려졌다.','소래포구 어촌계 032-442-6887','연중무휴','소래포구 http://www.soraepogu.com 
인천 문화관광 http://itour.visitincheon.org');
Insert into TEAM2.DB_DESTINATION (NO,CITY_NO,ADDRESS,LAT,LNG,NAME,DETAILS,CONTACT,OPENTIME,SITE) values (30,500,'경기도 김포시 양촌읍 학운리 산216','37.586111','126.576583','경인 아라뱃길','아라뱃길은 한강 하류에서 서해바다까지 이어진 18km의 물길로 2012년 개통된 국내 최초의 내륙운하이다. 홍수시 아라뱃길 인근 지역의 홍수량을 재빨리 서해 바다로 배제시키는 치수기능, 선박을 통한 물류수송, 친수공간을 활용한 다양한 관광레저 기능을 제공하기 위해 건설되었다. 최초의 경인 아라뱃길 개척시도는 800여 년 전인 고려 고종 때 시작되었다. 당시 각 지방에서 거둔 조세를 중앙정부로 운송하던 조운(漕運) 항로는 김포와 강화도 사이의 바닷길을 거쳐 한강 마포 경창으로 들어가는 항로였으나, 강화도 바닷길은 만조 때만 운항이 가능했고 뱃길이 매우 험했다고 한다. 

이에 안정적인 조운항로를 개척하기 위해 당시 실권자인 최충헌의 아들 최이는 인천 앞바다와 한강을 직접 연결하는 우리 역사상 최초의 운하를 시도하였지만, 원통현(현재 인천 원통이 고개) 400m 구간의 암석층을 뚫지 못해 결국 운하건설 시도는 실패로 끝나고 말았다. 

그 이후로도 간헐적으로 운하건설이 계속 추진되었으나, 인력과 기술의 한계로 좌절되거나 급격한 도시화와 지역개발등으로 운하건설이 이루어지지 못하였다. 그러다 ''87년 굴포천 유역의 대홍수로 큰 인명과 재산피해가 발생하자 방수로를 신설하여 홍수량 일부를 서해로 방류하는 내용의 굴포천 치수대책을 수립하게 되었다. 

이후 방수로 시작점(굴포천유역)에서 한강까지 4km 구간을 조금만 더 연결해주면 홍수대비뿐 아니라 평상시에도 운하로 활용할 수 있음을 고려하여 ''95년도부터는 홍수방지를 위한 방수로와 평상시 운하로 기능할 수 있는 경인운하 사업을 검토 추진하게 되었다. 

이 후 오랜기간 동안 경인운하 사업계획 및 타당성에 대한 재검토 끝에 ''09년 드디어 첫 삽을 뜨게 되었고, ''12년 마침내 국민들 앞에 경인아라뱃길이 탄생하게 되었다.','종합안내센터 1899-3650 
문화공연, 관광레저 031-999-7832','연중무휴','경인 아라뱃길 http://www.giwaterway.kr 
워터웨이플러스 http://www.waterway.or.kr');
Insert into TEAM2.DB_DESTINATION (NO,CITY_NO,ADDRESS,LAT,LNG,NAME,DETAILS,CONTACT,OPENTIME,SITE) values (31,500,'인천광역시 부평구 부평4동 211-157','37.494722','126.724833','부평문화의거리','*관광코스
항시 차없는 거리로 지정된 부평문화의 거리는 각종 공연과 다양한 문화행사가 열리는 곳이다. 
특히 청소년의 정서순화와 문화적 욕구를 충족시키기 위하여 봄부터 가을까지 약 8개월 동안 청소년 라이브 행사가 상시 공연되고 있다. 
주변에는 다양하게 쇼핑이 가능하며 , 주말 프리마켓 등 여러 테마행사가 펼쳐지는 인천의 명소이다.

*상점정보
 의류, 공산품, 잡화, 먹거리 등 141개 점포','부평문화의 거리 상인회 
032-511-5890','09:00~22:00
연중무휴','http://www.icbp.go.kr/open_content/tour/');
Insert into TEAM2.DB_DESTINATION (NO,CITY_NO,ADDRESS,LAT,LNG,NAME,DETAILS,CONTACT,OPENTIME,SITE) values (32,500,'인천광역시 남동구 고잔동 431-4','37.387500','126.724639','남동소래아트홀','2011년 11월 17일에 개관한 남동소래아트홀(구, 남동문화예술회관)은 인천광역시 남동구 논현동에 위치한 신주거 아파트 단지 내 있으며, 소래포구 해안가와 작은 호수가 사이의 아름다운 주변 경관을 자랑하고 있다. 대공연장인 소래극장과 소공연장인 스튜디오 제비 그리고 전시실 갤러리화·소로 구성되어 있다.','032-453-5710, 5180','09:00~22:00 
쉬는날 매주 월요일','http://www.namdongarts.kr');
Insert into TEAM2.DB_DESTINATION (NO,CITY_NO,ADDRESS,LAT,LNG,NAME,DETAILS,CONTACT,OPENTIME,SITE) values (33,500,'인천광역시 동구 금곡동 5-6','37.473167','126.635639','배다리 헌책방 골목','배다리 헌책방 골목은 동구 금곡동과 창영동 경계지역에 자리잡고 있다. 이골목은 경인선 철로가 놓이기 전 인천의 대표적인 서울로 가는 통로인 우각리길이었다. 모든 것이 귀하고 궁핍했던 지난 60~70년대 배움에 목말라 했던 선배들이 학문에 대한 갈증을 풀 수 있었던 인천지역의 유일한 헌책방 골목이다. 일반인들에게는 배다리 책방골목으로 알려져 있는 이 골목에는 헌 책만을 파는 서점을 비롯하여 새책도 함께 취급하는 곳까지 합치면 10여개의 책방이 들어서 있다. 이곳에서는 국문학 고서 자료에서부터 미술,음악, 한방까지 어린이 전집류부터 사전류에 이르기 까지 모든 서적을 통틀어 취급하고 있다. 또한, 배다리헌책방 골목 입구에 들어서면 낡은 골목의 담에 배다리 사람들의 옛 모습과 생활 등을 그려 넣은 배다리 벽화거리가 펼쳐진다.','인천광역시 관광개발과 
032-770-6100','09:00~21:00','동구청 문화관광 
http://www.icdonggu.go.kr');
Insert into TEAM2.DB_DESTINATION (NO,CITY_NO,ADDRESS,LAT,LNG,NAME,DETAILS,CONTACT,OPENTIME,SITE) values (49,500,'인천광역시 남구 수봉로 88-1','37.458806','126.659917','수봉근린공원','인천의 문화권은 크게 세 지역으로 나뉜다. 첫째는 응봉산을 중심으로 한 동일천 일대의 개항문화권이다. 둘째는 계양산을 중심으로 한 부평 일대의 계양문화권이다. 셋째는 문학산을 중심으로 한 문학문화권이다. 문학문화권은 비류백제의 도읍지 미추홀로 시작하여 인천도호부, 인천부, 인천시로 내려오기까지 옛 인천의 중심지 노릇을 해왔다. 남구가 바로 옛 인천의 중심지이다. 

남구의 수봉공원은 공원 자체가 문화공간이다. 자연학습장을 비롯해 어린이 놀이터, 궁도장 등 다양한 레저시설이 있어 운동을 위해 찾는 이들도 많다. 공원 안에는 문화회관이 있어 언제나 크고 작은 공연을 감상할 수 있고 민속공연이 열리는 전통민속놀이마당도 있다. 공원 내의 은율탈춤 전수관에서는 무형문화재공연이 연중(상반기 6~7월, 하반기 9~10월) 개최된다. 특히 현충탑과 인천지구전적기념비, 재일학도의용군 참전기념비 등 호국의 정신을 기리는 기념비가 있고 실향민이 제사를 드리는 망배단이 있어 공원을 찾는 일은 여러 모로 의미가 있다.','남구청 경관녹지과 
032-880-4502','[인공폭포] 10:00~16:30
(매시간 30분 가동 30분 정지)','http://www.olympicpark.co.kr');
Insert into TEAM2.DB_DESTINATION (NO,CITY_NO,ADDRESS,LAT,LNG,NAME,DETAILS,CONTACT,OPENTIME,SITE) values (50,500,'인천광역시 계양구 병방시장로 72-1','37.547778','126.739778','인천 병방시장','병방시장은 인천 지하철 임학역으로부터 200m 근방에 있어 대중교통을 이용하기에 편리하다. 또한 고객들에게 가격이 저렴하면서도 질 좋은 상품을 판매하는 전통시장으로 인식이 되어 있다. 주말 계양산을 찾는 고객들이 하산하며 병방시장을 찾을 정도로 신선한 상품들을 보유하고 상점마다 가족 같은 서비스를 경험할 수 있다. 이외에도 상인회에서는 다양한 종류의 이벤트를 마련하고 언제나 고객에게 다가서는 서비스로 인심과 정이 넘쳐나는 전통시장으로 만들어가고 있다.','032-546-2413','쉬는날 매월 넷째주 화요일','인천시청
http://field.incheon.go.kr');
Insert into TEAM2.DB_DESTINATION (NO,CITY_NO,ADDRESS,LAT,LNG,NAME,DETAILS,CONTACT,OPENTIME,SITE) values (51,500,'인천광역시 강화군 길상면 초지리 1470-4','37.627361','126.532250','강화 인삼센터','강화인삼은 고려 고종(1232년 경)때 재배가 시작되었으며 1920년대에 특별구역으로 지정되어 6.25동란 시 개성에서 인삼을 재배하던 개성인들이 피난하여 인삼재배적지를 찾던 중 토질과 기후 조건이 인삼재배에 최적인 강화도에서 인삼을 재배하게 된 것이 강화인삼 6년근의 효시이다.사면이 바다로 둘러싸여 있어 해풍의 영향을 받는 천혜적인 기후조건과 미사질 토양 및 식양토로 구성되어 있어 인삼재배 3대 요건을 겸비하고 있으며 인삼의 내공 및 내백이 없어 육질이 단단하여 홍삼원료 중 천지삼 비율이 높은 6년근이 생산되는 지역이다.

강화인삼 농협은 이렇게 역사가 깊고 비옥한 토질에서 자란 양질의 인삼을 생산에서부터 가공, 유통에 이르기까지를 책임을 지고 소비자에게 안전하고 신뢰성있는 먹거리를 제공한다.','032-933-5001~4','07:00~19:30
연중무휴','http://www.ganghwa.go.kr/open_content/tour/
http://field.incheon.go.kr');
Insert into TEAM2.DB_DESTINATION (NO,CITY_NO,ADDRESS,LAT,LNG,NAME,DETAILS,CONTACT,OPENTIME,SITE) values (52,500,'인천광역시 남구 용현3동 453-147','37.457806','126.652222','인천 용현시장','1960년도에 개설되어 현재까지 50여 년간 성황리에 인천 남구 서민경제의 중심역할을 하고 있다. 국고지원을 받아 현대화 시설사업으로 아케이드 공사 및 점포 리모델링 사업을 2005년 7월 22일 준공하였고, 2007년 상인회장을 선발하면서 전국 최초로 상설시장 세일을 매월 22일부터 28일까지 시행하며 고객 유치에 힘써오고 있다. 최근 위생사업 시범시장으로 선정되어 깨끗한 먹을거리와 즉석식품을 판매하고 있다. 또한 정부의 지원으로 넓은 주차장까지 확보하여 시장 고객의 편의를 제공하고 있다. 2007년 소비자보호원 조사 통계에서 재래시장으로서는 제일 활성화가 잘 된 시장으로 평가받았다.','032-886-9318','09:00~20:00
연중무휴','http://namgu.incheon.kr/home/index.asp');
Insert into TEAM2.DB_DESTINATION (NO,CITY_NO,ADDRESS,LAT,LNG,NAME,DETAILS,CONTACT,OPENTIME,SITE) values (53,500,'인천광역시 부평구 삼산1동 325-409','37.521611','126.749389','인천 삼산농산물도매시장','인천광역시 부평구 삼산동에 있는 농산물 도매시장이다. 채소동·과일동·다목적동·쓰레기처리장동 등으로 이루어져 있다. 채소동은 5층 규모, 과일동은 4층 규모이며, 내부에는 경매장과 저온저장고, 하역반 대기실, 중도매인 사무실 등이 들어서 있다. 2층 규모의 다목적동에는 경매장과 약국, 중도매인 사무실, 출하 대기실 등이 마련되어 있다. 지하에는 은행과 매점, 체력단련실, 주차장 등이 들어서 있다.  삼산 농산물도매시장은 전국 각 지역의 농업인들이 땀 흘려 생산·출하하신 양질의 많은 농산물들을 투명하고 공정한 거래를 통하여 신속하게 소비자들에 게 전달하고 있다.','032-521-2345','연중무휴','http://sm.incheon.go.kr');
Insert into TEAM2.DB_DESTINATION (NO,CITY_NO,ADDRESS,LAT,LNG,NAME,DETAILS,CONTACT,OPENTIME,SITE) values (54,500,'인천광역시 중구 연안동 27-49','37.453833','126.606194','인천 종합어시장','인천은 동북아의 거정항만으로 자리잡기 위해 다양한 해운 네트워크를 구축하고 인천항을 동북아 경제권의 복합운송항만으로 발전하도록 노력하고 있다. 황해안의 넓은 바다와 다양하고 풍부한 수산자원이 넘쳐나는 수산물의 보고인 인천에서 인천 어민들이 직접 포획한 싱싱한 수산물을 공급하고, 전국에서 당일 직송되는 수산물을 수도권으로 유통하는 기능을 담당하고 있는 시장이다.','032-888-4241~3','05:00~21:00','http://www.asijang.co.kr');
Insert into TEAM2.DB_DESTINATION (NO,CITY_NO,ADDRESS,LAT,LNG,NAME,DETAILS,CONTACT,OPENTIME,SITE) values (43,500,'인천광역시 중구 항동7가 24-24','37.455167','126.601861','팔미도 유람선','우리나라 최초의 등대가 있는 팔미도, 1903년 6월 1일 우리나라에서 최초로 등대 불빛을 밝힌 팔미도 등대는 지난 100년간의 임무를 수행하고 인천시 지방문화재(제 40호)로 지정되어 그 자리를 지키며 보존되고 있고 현재는 새로 지은 등대가 불빛을 비추고 있다. 이 곳 팔미도는 원래 사람들의 발길이 통제되어 있었지만 2009년 1월 1일부터 입도가 허락되었다.','현대마린개발 032-885-0001','[팔미도 체류시간 연장] 3시간 20분 섬관광/휴양 
 연안부두(09:30) -> 팔미도(10:20) / 팔미도(14:10) -> 연안부두(15:00) 
연안부두(12:30) -> 팔미도(13:20) / 팔미도(16:40) -> 연안부두(17:30)','http://palmido.co.kr');
Insert into TEAM2.DB_DESTINATION (NO,CITY_NO,ADDRESS,LAT,LNG,NAME,DETAILS,CONTACT,OPENTIME,SITE) values (44,500,'인천광역시 중구 무의동 298-1','37.408972','126.413611','큰무리어촌체험마을','무의도는 섬전체가 온통 산으로 싸여있어 최정상에서 바라보는 무의도의 경관은 인상깊다. 무의도에는 실미, 하나개들 2개의 해수욕장과 호룡곡산, 구사봉등 2개의 등산로가 있고 바닷가 썰물에는 각종 갯벌체험을 밀물에는 해수욕을 즐길 수 있다. 무의도 큰무리 어촌체험 마을은 천해의 자연환경과 많은 볼거리, 다양한 체험을 동시에 즐길 수 있다.','큰무리마을 032-751-0310','연중무휴','http://keunmuri.seantour.com');
Insert into TEAM2.DB_DESTINATION (NO,CITY_NO,ADDRESS,LAT,LNG,NAME,DETAILS,CONTACT,OPENTIME,SITE) values (45,500,'인천광역시 중구 북성동2가 12-118','37.475833','126.618250','인천 차이나타운','인천 차이나타운은 1883년 인천항이 개항되고 1884년 이 지역이 청의 치외법권(治外法權, extraterritoriality) 지역으로 지정되면서 생겨났다. 과거에는 중국에서 수입된 물품들을 파는 상점들이 대부분이었으나 현재는 거의가 중국 음식점이다. 현재 이 거리를 지키고 있는 한국 내 거주 중국인들은 초기 정착민들의 2세나 3세들이어서 1세들이 지키고 있었던 전통문화를 많이는 지키지 못하고 있지만 중국의 맛만은 고수하고 있다.','인천역관광안내소 032-777-1330
문화해설사 010-7276-7277','연중무휴','http://www.ichinatown.or.kr');
Insert into TEAM2.DB_DESTINATION (NO,CITY_NO,ADDRESS,LAT,LNG,NAME,DETAILS,CONTACT,OPENTIME,SITE) values (46,500,'인천광역시 중구 관동1가 9-1','37.473722','126.621639','자유공원(인천)','자유공원은 인천항 개항 5년 만에 만들어진 우리나라 최초의 서구식 공원이다. 지대가 높은데다 터가 넓고 숲이 울창해 산책하기 알맞다. 
정상엔 한미수교 백주년기념탑이 있다. 1882년 4월 우리나라와 미국 사이에 조인된 한미수호 통상조약체결을 기념하기 위해 100주년이 되는1982년에 세운 것이다. 한국전쟁 당시 인천상륙작전을 성공시킨 맥아더장군의 전공을 기리는 맥아더장군 동상도 그 옆에 있다. 인천상륙작전 성공 이후 7주년이 되는 1957년 9월 15일에 완공됐다. 자유공원 정상에서는 멀리 인천 앞바다까지도 훤히 내려다보인다. 자유공원 안에는 소규모 동물원과 팔각정, 연오정, 의자 등 쉼터가 마련되어 있다. 맥아더 동상이 있어 자녀와 함께 온다면 교육적으로도 좋다.
매년 4월이면 자유공원으로 오르는 길은 벚꽃으로 만발한다. 이를 기념해 벚꽃축제가 이곳에서 열린다. 공원 정상에서 인천항과 월미도를 바라보는 맛도 그만이다. 늦은 밤 이곳에서 바라보는 인천항의 밤 경치는 연인들의 데이트코스로도 유명하다. 인근에 중국인촌, 신포동시장, 인천백화점, 올림포스관광호텔 등이 있다. 약간 멀리는 연안부두, 월미도가 있다. 시간이 허락한다면 내려오는 길에 홍예문을 보고 오는 것도 좋다. 일본인들이 자국의 조계와 축현역(현 동인천 역)을 연결시키려고 응암산 줄기를 뚫어 1905년 착공했다. 1908년 준공했는데 고개문의 형태가 무지개와 같아 홍예문이라고 불렀다.','자유공원관리사무실 032-760-7597
인천시 관광안내 032-1330','연중무휴','중구 문화관광 
http://www.icjg.go.kr/tour/default.asp');
Insert into TEAM2.DB_DESTINATION (NO,CITY_NO,ADDRESS,LAT,LNG,NAME,DETAILS,CONTACT,OPENTIME,SITE) values (47,500,'인천광역시 남동구 장수동 414-1','37.461111','126.749750','인천대공원','인천대공원은 인천광역시 동부공원사업소에서 관리하는 11개 도시자연공원(인천대공원, 중앙, 부평, 계양, 백마, 약사, 호봉, 연희, 불로1, 불로2, 검단) 중 한 공원으로 남동구 장수동에 위치하고 있으며 관모산과 상아산을 끼고 있다. 인천대공원은 인천 유일의 자연 녹지 대단위공원(89만 평)으로서 연차적 조성사업계(1982~2006년)에 의거 조성중에 있으며 도시생활에 지친 현대인들에게 쾌적한 휴식처를 제공하는 생명의 숲이기도 하다.','동부공원사업소 
032-466-7282, 0375','하절기(3~10월) 05:00~23:00
동절기(11~2월) 05:00~22:00','인천동부공원사업소http://grandpark.incheon.go.kr');
Insert into TEAM2.DB_DESTINATION (NO,CITY_NO,ADDRESS,LAT,LNG,NAME,DETAILS,CONTACT,OPENTIME,SITE) values (48,500,'인천광역시 부평구 부평3동 299','37.489778','126.714667','부평공원','부평은 지리적으로 계양산과 철마산, 만월산 등으로 둘러싸여 분지형태를 이루고 있다. 현재의 부평이 도시로서의 면모를 갖춘 것은 경인철도의 개통과 6.25 직후 미군부대를 중심으로 많은 인구가 유입되면서부터이다. 
부평공원은 1997년 말까지 군부대가 주둔 사용하였던 곳으로 시민의 깊은 관심과 성원으로 1993년 1월 공원으로 도시계획 시설 결정하여 1995년 11월 국방부와 부지매입 계약을 체결하였다. 그동안 부평공원 조성을 위하여 부지매입비 690억원과 시설비 51억원 등 총741억원의 시비를 투자하여 1998년도부터 부지내 군사용 막사 58동을 철거한 후 녹지 중심의 넓은 잔디밭과 수목이 어울린 부평권의 대표적인 휴식공간으로 조성하여 2002년 4월 12일에 개원(開園)하였다.','032-466-7282','연중무휴','grandpark.incheon.go.kr');
Insert into TEAM2.DB_DESTINATION (NO,CITY_NO,ADDRESS,LAT,LNG,NAME,DETAILS,CONTACT,OPENTIME,SITE) values (41,500,'인천광역시 강화군 내가면 고천리 296-6','37.726111','126.415167','고송','고송의 옻닭과 오리탕은 주인 황춘상씨가 어렵사리 터득한 노하우로 만들기 때문에 특별하다. 
강원도에서 가져온 옻나무를 불에 직접 태워 말린 뒤 몸에 좋다는 것들을 다 첨가해 닭과 함께 삶아 낸다. 
오리탕도 독특한 과정을 통해 만들어 진다.','032-932-5991','10:00 ~ 21:00 
쉬는날 첫째주 수요일','http://www.icjg.go.kr/tour/');
Insert into TEAM2.DB_DESTINATION (NO,CITY_NO,ADDRESS,LAT,LNG,NAME,DETAILS,CONTACT,OPENTIME,SITE) values (42,500,'인천광역시 남동구 만수5동 882-39','37.456750','126.729944','도도해','도도해''의 맛과 양, 서비스를 접하고 나면 이곳의 문전성시의 이유를 알게된다. 현지에서 당일 가져오는 싱싱한 해물과 야채를 재료로 쓰고, 특급조리장의 손맛이 더해지니 해물요리의 자존심이라 부르기에 손색이 없다.','032-462-9599','11:30 ~ 22:00','http://www.icjg.go.kr/tour/');
Insert into TEAM2.DB_DESTINATION (NO,CITY_NO,ADDRESS,LAT,LNG,NAME,DETAILS,CONTACT,OPENTIME,SITE) values (34,500,'인천광역시 동구 화수동 138-30','37.482333','126.628806','화도진공원','화도진은 구한말 인천 앞바다의 해안경계를 위해 설치한 것으로 신미양요와 운양호 사건 등 미국, 프랑스, 일본의 잇따른 내습에 자극받아 수도 서울의 유일한 수로관문이었던 현 화수동 138번지 일대에 위치하여 있다. 화도진은 1882년 조미수호통상조약이 체결되었던 역사적 현장으로 현재 인천광역시 기념물 제 2호로 지정되어있다. 현재 화도진의 모습은 한미수교 1백 주년이 되는 지난 1982년 인천시가 이를 기념하기 위해 이 일대를 공원으로 조성하고 기념 표지석을 세웠으며, 이후 1988년 12월에 동헌, 안채, 사랑채, 전시관 등 옛 화도진지를 기본으로 화도진병영을 완전복원하고 각종편의 시설 및 부대시설을 갖춰 도심의 아늑한 휴식공간으로 조성 시민들에게 역사의 산교육장으로 거듭 태어났다. 
동헌은 관리들이 집무를 행하던 장소로 당시 한미수호통상조약 체결 모습이 밀랍인형으로 만들어져 있다. 내사는 안주인의 거처로 안채라고도 부르며 안방에는 보료, 반짇고리, 버선장, 3층장, 반닫이 등 각종 유물들이 진열되어있고 대청마루에는 찬장과 쌀뒤주, 장탁자들이 당시의 생활모습을 재현하고 있다. 사랑채는 바깥주인이 거처하며 학덕이 높고 사회적 지위나 가세가 넉넉할수록 그 규모가 크고 당대 사회문화의 척도로서 주인의 정신적 성향, 경제적 능력을 말해주는가 하면 수군기지였던 화도진에서의 사랑채는 병사들이 기거하던 병영건물의 하나로 사용했다. 화도진지 부근은 소나무와 정자, 벤치 등이 잘 꾸며져 있어 산책하기에도 좋으며, 1997년 인천광역시 최초로 인공폭포가 조성되기도 하였다. 이 폭포는 높이 8m, 너비 12m로 안개분수와 야간 조명시설을 갖추고 있다.
동구에서는 지난 90년부터 이곳에서 매년 정월대보름을 기해 잊혀져가는 우리전통 문화 프로그램을 개발, 화도진축제를 열어 구민들의 대화합과 단결을 꾀하고 있다. 또한 화도진공원은 동구 구화로 지정된 철쭉이 해마다 봄이면 화사한 자태를 무더기로 피워내 철쭉꽃 축제의 새명소로 떠오르고 있기도 하다. 철쭉꽃이 피어나는 5월 초순이면 상춘객들과 함께 유치원이나 초등학생들의 글짓기나 그림 그리는 장소로써도 많은 사랑을 받고 있다. 그리고 지난 97년 인천에서는 처음으로 화도진공원 내 인공폭포를 만들어 지역민들에게 도심 속 친수공간을 조성하여 흠뻑 맛볼 수 있도록 했다.','공원녹지과 032-770-6203','연중무휴','인천동구 문화관광 x
http://www.icdonggu.go.kr');
Insert into TEAM2.DB_DESTINATION (NO,CITY_NO,ADDRESS,LAT,LNG,NAME,DETAILS,CONTACT,OPENTIME,SITE) values (35,500,'인천광역시 중구 항동3가 30-1','37.472750','126.619333','인천아트플랫폼','인천아트플랫폼이 위치한 인천 중구 해안동 일대는 1883년 개항 이후 건립된 건축문화재 및 1930~40년대에 지어진 건축물이 잘 보존된 구역으로 당시의 근대건축기술 및 역사적 기록을 지니고 있어 건축조형적 가치를 인정받고 있는 곳이다. 
인천아트플랫폼은 舊일본우선주식회사(등록문화재 제248호)를 비롯한 근대 개항기 건물 및 1930~40년대에 건설된 건축물을 리모델링하여 창작스튜디오, 공방, 자료관, 교육관, 전시장, 공연장 등 총 13개 동의 규모로 조성되었다. 인천아트플랫폼은 이러한 도시의 역사성과 장소성을 최대한 살려 문화적으로 재활용하자는 시민들의 뜻과 인천시의 의지가 합쳐져 탄생하였다. 인천아트플랫폼을 중심으로 이곳 개항장 일대는 거대한 스트리트 뮤지엄으로 확장되어나갈 예정이며, 그것은 과거의 역사를 보존하되 현재적으로 재해석하는 일일 것이다.
2011년 ''드림하이'' 촬영지 - 기린예고(아트플렛폼)','032-760-1000','[교육관(A동)/전시장(B동)]
동절기(12월~2월) 10:00~17:00 
하절기(3월~11월) 10:00~18:00 
 * 전시장(B동)은 금,토(하절기) 연장운영 - 20:00까지
[공연장(C동)/자료관(D동)]
동절기(12월~2월) 13:00~17:00 
하절기(3월~11월) 13:00~18:00 
 [커뮤니티관(H동)] 
동절기/하절기 10:00~20:00 
 ※ 공연장은 공연 및 행사시간에 따라 다름 
쉬는날 매주 월요일, 1월 1일','http://www.inartplatform.kr');
Insert into TEAM2.DB_DESTINATION (NO,CITY_NO,ADDRESS,LAT,LNG,NAME,DETAILS,CONTACT,OPENTIME,SITE) values (36,500,'인천광역시 연수구 송도2동 24-3','37.396917','126.636583','그리다디저트','르 꼬르동 블루 제과 디플로마를 졸업한 전문 파티시에가 매일 매장에 직접 만든 디저트를 판매하는 디저트 전문점이다.','070-8862-1512','12:00 ~ 22:00 (디저트 소진시 조기마감 가능) 
쉬는날 매주 월요일 휴무','http://www.gridadessert.com');
Insert into TEAM2.DB_DESTINATION (NO,CITY_NO,ADDRESS,LAT,LNG,NAME,DETAILS,CONTACT,OPENTIME,SITE) values (37,500,'인천광역시 중구 북성동2가 12-2','37.475861','126.618278','홍두병','인천 차이나타운의 대표 간식거리 중 하나인 홍두병은 밀가루 반죽 안에 팥, 망고, 크림치즈 등 달짝 지근하고 부드러운 소를 듬뿍 넣어 구워내는 빵이다. 홍두병이란 일본의 동제품 장인이 직접 두드려서 만든 수제 구리판에서 정성껏 구워내는 중국, 대만 등의 전통 빵이라고 한다.','032-764-9977','10:30 ~ 21:00 
연중무휴','http://www.icjg.go.kr/tour/');
Insert into TEAM2.DB_DESTINATION (NO,CITY_NO,ADDRESS,LAT,LNG,NAME,DETAILS,CONTACT,OPENTIME,SITE) values (38,500,'인천광역시 연수구 청량로 108','37.417556','126.655472','천지연 송도점','[정갈한 맛과 정성스런 상차림, 숯불갈비 전문점 천지연]
특상급의 갈비를 재래식 자연 훈증방식으로 참숯에 구워 내는 방식의 갈비를 제공한다. 천지연은 일반적인 갈비집에서 굽는 숯불갈비와는 다르게 전통 재래식 방법을 사용하여 갈비를 구워 낸다. 천지연은 가족모임, 상견례, 고객접대, 회갑연 및 돌잔치 등 연회와 행사를 할 수 있는 대규모의 시설을 갖추고 있다.','031-834-3133','11:30 ~ 22:00 
연중무휴','http://www.shinhwaifood.co.kr');
Insert into TEAM2.DB_DESTINATION (NO,CITY_NO,ADDRESS,LAT,LNG,NAME,DETAILS,CONTACT,OPENTIME,SITE) values (39,500,'인천광역시 연수구 옥련1동 456','37.421833','126.645944','아라베스크','2003년 사하라텐트로 개업, 2007년 8월 이전 아라베스크로 상호변경하고 인도,터키 음식을 시작했다. 현재 아랍, 인도, 터키 음식 모두 가능하고 요리사는 인도인이며 사업주는 요르단인이다. 주로 동남아 유학생, 아랍(중동)사업가 등 서양 국적 외국인에게 널리 알려져 있으며 내국인도 자주 찾는곳이다. 본토맛에 가까운 것이 특징이다.','02-6282-5000','12:00 ~ 22:30 
연중무휴','http://www.icjg.go.kr/tour/');
Insert into TEAM2.DB_DESTINATION (NO,CITY_NO,ADDRESS,LAT,LNG,NAME,DETAILS,CONTACT,OPENTIME,SITE) values (40,500,'인천광역시 중구 선린동 38','37.474806','126.618222','풍미','1957년에 개업했다. 이 거리에서 꽤 오래된 집이다. 고추간자장과 소양해삼이 대표메뉴다.','032-772-2680','09:30 ~ 21:00','http://www.icjg.go.kr/tour/');
Insert into TEAM2.DB_DESTINATION (NO,CITY_NO,ADDRESS,LAT,LNG,NAME,DETAILS,CONTACT,OPENTIME,SITE) values (7,100,'서울특별시 중구 예장동 8-145','37.558278','126.987861','서울애니메이션센터','서울 남산에 있는 서울애니메이션센터는 국내 애니메이션 산업을 지원, 육성하기 위해 설립한 곳이다. 만화, 애니메이션, 게임, 캐릭터 창작과 마케팅 활동을 지원하고, 문화콘텐츠 전문 교육, 각종 전시회를 개최하고, 관련 자료를 갖춘 정보실을 운영하고 있다. 서울산업통상진흥원이 운영하며, 1999년 문을 연 이후 관련 산업 종사자는 물론 어린이, 청소년들의 발길이 끊이지 않는 곳이다. 

센터 내에는 2005년 개관한 국내 최초 애니메이션 전용극장 서울애니시네마가 있어 평소 극장에서 잘 볼 수 없는 다양한 작품을 선보인다. 만화 캐릭터의 입체 조형물이 전시된 만화의 집, 어린이와 청소년을 위한 키즈툰애니틴스쿨, 클레이애니메이션이나 스톱모션 등 캐릭터 체험을 통해 애니메이션 제작의 이해를 돕는 체험 전시실 등 시간 가는 줄 모르고 즐길 거리가 많다.','02-3455-8341~2','10:00~18:00','http://www.ani.seoul.kr/potal/index.jsp');
Insert into TEAM2.DB_DESTINATION (NO,CITY_NO,ADDRESS,LAT,LNG,NAME,DETAILS,CONTACT,OPENTIME,SITE) values (8,100,'서울특별시 마포구 염리동 147-62','37.547444','126.945444','을밀대 본점','40년의 역사를 가진 곳으로 평양냉면으로 유명한 서울시내 4곳의 냉면집 중 한곳이며 ''물냉면''하면 평양냉면이다 
또한 평양냉면은 메밀로 면발을 만들기 때문에 여름보다는 햇메밀이 수확되는 겨울에 먹는것이 구수한 메밀맛을 느낄 수 있어 제격이라고 할 수 있다 다른 평양냉면집과 달리 을밀대에서는 면수가 아닌 육수를 주는것이 특징이라 할 수 있다 
100% 메밀은 아니지만 메일의 함량이 높을 수록 면이 툭툭 끊어지기 때문에 굳이 가위를 사용하지 않아도 된다 
얼음이 살짝 언 육수를 얹은 냉면에 겨자와 식초를 간을 하는 경우 얼음이 녹는것을 감안해 하는 것도 요령이다 
얼음이 싫은 경우는 빼고 달라고 해도 되며 다른 곳과 또다른 점은 만두가 없고 녹두전이 메뉴에 있는 것이다 
냉면 만으로 조금 부족하다면 두툼하게 구워져 나오는 녹두전도 한입 해 보길 권한다','02-717-1922','일/공휴일 휴무','korean.visitkorea.or.kr/kor/bz15/travel/content/C03030100/view_1683811. js p');
Insert into TEAM2.DB_DESTINATION (NO,CITY_NO,ADDRESS,LAT,LNG,NAME,DETAILS,CONTACT,OPENTIME,SITE) values (9,100,'서울특별시 강남구 역삼동 그린타운','37.502083','127.026944','빌리엔젤 (강남역점)','빌리엔젤은,영화“Charlie’s Angels”에서 영감을 받아 ‘BILLYANGEL CAKE COMPAY’ 라는 브랜드 이름으로 시작된 디저트 편집샵이다. 좋은 재료로 만들어진 케이크를 누구나 쉽게 즐길 수 있는 디저트 문화를 만들겠다는 생각으로 탄생한 공간으로, 훌륭한 퀄리티의 케이크와 디저트를 즐길 수 있다.','02-512-6257','11:00~23:00','http://www.billyangel.co.kr/');
Insert into TEAM2.DB_DESTINATION (NO,CITY_NO,ADDRESS,LAT,LNG,NAME,DETAILS,CONTACT,OPENTIME,SITE) values (10,100,'서울특별시 송파구 오금로27길 12','37.507417','127.120778','오율 (OYULL)','건강에 도움을 주는 다섯가지 필수 영양소를 담아 오감을 만족시키는 로가닉 건강레스토랑 오율은 밀가루, 버터, 소금, 설탕, MSG 등을 사용하지 않는 음식점이다. 오율 레스토랑은 비즈니스, 바이어 접대, 가족 모임, 상견례 등 내,외국인을 위한 다양한 모임 장소로 각광을 받고 있으며 쥬비스 타워 15층에 위치해 전망이 아름답기로 유명하다.','02-567-0511','11:30 ~ 22:00','http://samsung.oyull.co.kr/main_index.php');
Insert into TEAM2.DB_DESTINATION (NO,CITY_NO,ADDRESS,LAT,LNG,NAME,DETAILS,CONTACT,OPENTIME,SITE) values (11,100,'서울특별시 서초구 반포4동 118-3','37.504389','127.007694','텍사스 데 브라질
(Texas de Brazil)','‘텍사스 데 브라질(Texas de Brazil)’은 브라질리언 슈하스코(Churrasco, 브라질 정통의 프리미엄 스테이크) 전문 레스토랑으로, 1998년 미국 텍사스주 달라스의 에디슨점을 시작으로 현재 미국 내 36곳과 전 세계 총 6곳의 매장을 운영하고 있다. 최고급 재료와 전문적인 조리법을 통해 비교할 수 없는 맛과 웨스턴 스타일의 고급스러운 분위기로 전세계인들의 사랑을 받고 있는 텍사스 데 브라질은 멕시코, 두바이 진출에 이어 2015년 9월 10일 한국에 아시아 최초로 매장을 선보였다. 
텍사스 데 브라질은 신선하고 좋은 재료를 전문적인 조리법으로 요리한 다양한 스테이크를 제공한다. 브라질리언 슈하스코는 1.2m 길이의 긴 쇠꼬치에 다양한 종류와 부위의 고기를 꿰어 슈하스코 그릴에서 하드 차콜 직화로 서서히 돌려가며 굽는 스테이크로 촉촉한 육즙과 육질이 살아 있는 것이 특징이다. 요오드와 같은 첨가물이 들어가지 않은 100% 염화나트륨인 코셔 솔트(Kosher Salt)를 사용하여 차콜 그릴에 굽는 동안 기름기는 쏙 빠지고 고기의 속 안까지 적당한 간과 차콜향이 그윽하게 배어 담백하고 고소한 맛이 일품이다. 또한 인공 ∙ 화학감미료를 첨가하지 않아 건강한 자연의 맛을 그대로 느낄 수 있다. 
텍사스 데 브라질에서는 최고의 등심 부위인 ‘삐까냐(Picanha)’ 서로인(Sirloin), 필레미뇽(Filet Mignon), 양고기(Rack of lamb) 등 평소 만나보기 어려운 15가지 다양한 부위의 스테이크를 샐러드바의 50여 가지의 신선한 계절 채소로 이루어진 샐러드, 애피타이져 등과 함께 즐길 수 있다. 카버(전문 조리사)가 테이블 앞에서 원하는 양만큼 직접 카빙 해주는 갖가지 슈하스코를 맛보는 재미와 프리미엄한 서비스를 동시에 경험할 수 있다.','02-6282-5000','월~금 점심 11:00 ~ 15:00 
월~금 저녁 17:30 ~ 23:00 
주말'|| chr(38) ||'공휴일 11:00 ~ 23:00','http://www.texasdebrazil.co.kr');
Insert into TEAM2.DB_DESTINATION (NO,CITY_NO,ADDRESS,LAT,LNG,NAME,DETAILS,CONTACT,OPENTIME,SITE) values (12,100,'서울특별시 서초구 방배본동 794-28','37.493000','126.988944','마지','한국전통채식을 바탕으로 파, 마늘등의 자극적인 재료를 사용하지 않은 웰빙채식 식단이다. 또한 계란 생선등도 사용하지 않기 때문에 비건인 외국인과 할랄푸드를 찾지 못하는 무슬림들에게도 안전한 식단이 제공가능하다. 
6대의 차량이 주차가능한 2층 건물로, 1층은 간편한 식사를 할 수 있는 입식타입으로 이루어져있고, 단체회식과 소규모 모임이 2층은 20인이상 80인 이하의 단체 손님을 위한 공간으로 빔프로젝트와 마이크시설등이 완비되어있어 컨퍼런스나 모임에 적합하다. 또한 (주)마지는 백련사찰음식연구소를 겸하고 있어 사찰음식 만들기의 체험을 원하는 경우 쿠킹클래스와 병행한 행사가 가능하다. 2층의 소규모 룸은(2개) 최대 8인까지 가능하여 고급스런 소모임에 적합하다.','02-536-5228','11:00~21:00
쉬는날 명절 당일','http://www.templefood.com/');
Insert into TEAM2.DB_DESTINATION (NO,CITY_NO,ADDRESS,LAT,LNG,NAME,DETAILS,CONTACT,OPENTIME,SITE) values (13,100,'서울특별시 송파구 잠실본동 181-3','37.511500','127.081639','요리하는남자','[신천에 있는 요리하는남자/ 이탈리안 오픈 키친]
화덕피자와 파스타를 가장 맛있게 하는 이탈리안 오픈 키친이면서 분위기 좋은 만남을 즐길 수 있는 음료가 곁들어진 캐쥬얼 레스토랑이다. 친구, 연인, 가족 들이 피자굽고 요리하는 모습을 가까이 구경하면서 편안한 식사를 즐길 수 있고, 단체 회식이나 동호회, 동창회 모임을 할 수 있는 룸(20명/30여명)이 있으며, 강의나 회의도 할 수 있도록 빔프로젝트와 대형화면이 설치되어 있다.
이태리에서 직수입한 밀가루로 5일이상 숙성시킨 도우를 직접 굽고 천연 치즈와 신선한 식자재를 이용한 화덕피자와 고품질 파스타가 큰 인기를 누리고 있다. 와규등급의 쇠고기를 이용한 팬스테이크와 고급 맥주, 저렴한 고퀄 와인 서비스 또한 요리하는남자의 자랑거리다.','02-419-1511','11:00 ~ 24:00 
(주중 15:00~17:00 휴식)
쉬는날 명절 당일','페이스북http://www.facebook.com/cookingguys모바일홈http://cookingguys.fordining.kr');
Insert into TEAM2.DB_DESTINATION (NO,CITY_NO,ADDRESS,LAT,LNG,NAME,DETAILS,CONTACT,OPENTIME,SITE) values (14,100,'서울특별시 종로구 관훈동 30','37.574222','126.985833','뜰과다원','서울 도심에 호젓함을 느낄 수 있는뜰이 있는 고풍스러운 한옥카페이다.
100% 국내산 재료로 직접 만든 전통차를 맛볼 수 있으며 유기농커피도 있다.
단체석도 있어서 세미나나 모임으로 적합한 장소이다. 차와 겻들일 수 있는 떡모듬, 주전부리도 있어서
차와 겻들이면 한끼 식사로도 적당하다.','02-734-5310','11:00 ~ 23:00','http://blog.naver.com/julieshe');
Insert into TEAM2.DB_DESTINATION (NO,CITY_NO,ADDRESS,LAT,LNG,NAME,DETAILS,CONTACT,OPENTIME,SITE) values (15,100,'서울특별시 여의도동 63빌딩','37.519611','126.940194','63빌딩','정식명칭은 ㈜한화63시티로 1980년 2월에 착공하여 1985년에 완공되었으며 지상 60층, 지하 3층의 규모로 여의도에 있는 마천루이다 4~19층, 23~37층, 40~53층은 일반사무실로 나머지는 사무실을 보조하는 각종 부대시설과 전망대, 수족관 등 관광공간으로 활용하고 있으며 태풍과 지진 시에도 내진 설계를 통해 크게 흔들림이 느껴지지 않도록 설계되었다 
2006년 레노베이션을 통해 재개관하였으며 63스퀘어라 새롭게 이름지어진 지하 1층은 ''63씨월드'', ''63스카이 아트'', ''63아이맥스영화관'' 등 관람시설과 국내 최대 뷔페 레스토랑인 ''63뷔페 파빌리온''을 비롯한 격조높은 인테리어의 고급 레스토랑과 푸드코드, 베이커리 등 다양하게 입점되어 있다 또한 2009년 한국 최초로 밀랍전시관 ''63왁스뮤지엄''도 개장하여 많은 데이트를 위한 연인과 가족단위의 방문객이 끊이지 않고 발걸음 하는 곳이다','02-789-5663','10:00~22:00','www.63.co.kr');
Insert into TEAM2.DB_DESTINATION (NO,CITY_NO,ADDRESS,LAT,LNG,NAME,DETAILS,CONTACT,OPENTIME,SITE) values (16,100,'서울특별시 은평구 진관동 533-18','37.637333','126.918806','[서울둘레길 8코스] 북한산코스','8코스는 북한산 둘레길을 이용해 통과하는 노선으로 이미 개통이 된 곳으로 이용하여 정비가 잘되어 있다. 대체적으로 경사가 급하진 않지만 약간의 코스에서 어려움이 있다. 또한 산 코스임에도 노선이 길어 하루동안 코스를 통과할 수는 없다. 8코스는 대체적으로 사찰과 문화재뿐만 아닌 계곡 등의 자연적 요소 등이 분포되어있어 볼거리가 다양한 코스이다.','02-2133-2149','연중무휴','http://gil.seoul.go.kr');
Insert into TEAM2.DB_DESTINATION (NO,CITY_NO,ADDRESS,LAT,LNG,NAME,DETAILS,CONTACT,OPENTIME,SITE) values (17,100,'서울특별시 영등포구 여의동 81-9','37.534806','126.911556','서울마리나 클럽'|| chr(38) ||'요트','영등포 여의도동에 위치한 서울마리나는 요트의 렌탈부터 계류시설, 유지보수까지 원스톱 요트 서비스와 요트 교육 시설, 이국적인 정취를 느낄 수 있는 마리나센터까지 도심 속에서 새로운 여가문화가 시작되는 곳이다. 서울마리나 클럽'|| chr(38) ||'요트는 딩기요트부터 파워요트까지 다양한 요트를 보유하고 있으며, 일반인들을 대상으로 정기 운항과 렌탈 서비스를 제공하고 있다. 또한 마리나센터는 1층엔 카페브리즈 2층엔 컨벤션홀 3층엔 일식레스토랑 ''마리나 루'' 4층엔 라운지 바인 ''타파스바 루'' 총 4층으로 이뤄졌으며, 요트의 돛이 바람을 받아 팽팽하게 부풀은 모습을 형상화하였다.','02-3780-8400','연중무휴','www.seoul-marina.com');
Insert into TEAM2.DB_DESTINATION (NO,CITY_NO,ADDRESS,LAT,LNG,NAME,DETAILS,CONTACT,OPENTIME,SITE) values (18,100,'서울특별시 광진구 자양동 부광아트빌라','37.529972','127.073972','한강공원 뚝섬 눈썰매장','잠원 한강공원의 눈썰매장은 대형 슬로프, 소형 슬로프를 갖춘 눈썰매장이다. 여름에는 수영장으로 겨울에는 눈썰매장으로 운영되고 있다.','02-452-5955','2015년 12월 19일 ~ 2016년 2월 14일
기간중 무휴','www.gwangjin.go.kr');
Insert into TEAM2.DB_DESTINATION (NO,CITY_NO,ADDRESS,LAT,LNG,NAME,DETAILS,CONTACT,OPENTIME,SITE) values (19,100,'서울특별시 종로구 누상동 산1-29','37.581833','126.958194','서울 한양도성(스탬프투어)','서울 성곽길은 북악산을 주산으로 하여 인왕산, 낙산, 남산으로 이어지는 18.7㎞의 서울성곽 둘레를 걸으며 그 안에 깃든 역사와 문화, 생태를 느낄 수 있는 도심 속 트래킹코스다. 서울성곽은, 4대문인 흥인지문(동대문), 돈의문(서대문), 숭례문(남대문), 숙정문(북대문)과 4소문인 혜화문(동소문), 소의문(서소문), 광희문(남소문), 창의문(북소문)을 포함, 조선의 도읍지 한양을 에워싸고 있던 도성이다. 국보 8개를 포함하여 총 169개의 문화유산이 곳곳에 위치해 있다.

서울시 종로구에서는 이 중 흥인지문(興仁之門)의 인(仁), 돈의문(敦義門)의 의(義), 숭례문(崇禮門)의 예(禮), 숙정문(肅精門)의 지(智), 즉 조선시대 때 유교의 덕목인 인의예지를 따와 동서남북 4대문의 이름에 담았던 의미를 스토리텔링하여 서울성곽 스탬프투어에 접목하였다. 서울성곽을 걷다가 4대문지점에 다다르면 스탬프를 찍을 수 있으며 4개의 스탬프가 모두 모이면 지정 장소에서 완주기념 배지도 받을 수 있다. 

* 1코스 : 숙 정 문 (肅 精 門, 북대문)   
서울의 주산, 백악(북악)산 : 창의문~혜화문  
① 창의문(북소문) → 청계천발원지 → 최규식동상 → ② 돌고래쉼터 → ③ 백악마루 → ④ 1.21사태소나무(총맞은소나무) → ⑤ 청운대 → ⑥ 곡장 → ⑦ 촛대바위 → ⑧ 숙정문(북대문) → ⑨ 말바위안내소 → ⑩ 와룡공원 → ⑪ 경신고등학교 성곽흔적 → ⑫ 서울시장공관 → ⑬ 혜화문(동소문)
 ※ 소요시간 : 약 3시간 30분　＊코스는 부득이 한 경우 변경될 수 있습니다.

* 2코스 : 흥인지문(興仁之門, 동대문)
북악의 좌청룡, 낙산 : 혜화문~광희문   
① 혜화문(동소문) → ② 낙산공원 → ③ 낙산 → ④ 동대문 성곽공원 → ⑤ 흥인지문(동대문) → ⑥ 오간수교 → ⑦ 이간수문 → ⑧ 동대문역사문화공원 → ⑨ 광희문
※ 소요시간 : 약 3시간　＊코스는 부득이 한 경우 변경될 수 있습니다.

* 3코스 : 숭 례 문(崇 禮 門, 남대문)
서울의 안산, 남산 : 광희문~숭례문    
① 광희문 → ② 장충체육관 → ③ 우수조망소 → ④ 자유센터 → ⑤ 국립중앙극장→ ⑥ 남소문터 → ⑦ 소나무탐방로 → ⑧ N서울타워 → ⑨ 팔각정 → ⑩ 남산봉수대 → ⑪ 잠두봉 포토아일랜드 → ⑫ 조선신궁터 → ⑬ 안중근의사기념관 → ⑭ 백범광장 →  ⑮ 숭례문(남대문)
 ※ 소요시간 : 약 4시간 30분　＊코스는 부득이 한 경우 변경될 수 있습니다.

* 4코스 : 돈 의 문(敦 義 門, 서대문)
북악의 우백호, 인왕산 : 숭례문~창의문 
① 숭례문(남대문) → ② 남지터 → ③ 소의문터(서소문) → ④ 배재학당→ ⑤ 정동교회 → ⑥ 정동극장 → ⑦ 이화여고 → ⑧ 정동공원 → ⑨ 돈의문터 → ⑩ 경교장 → ⑪ 월암근린공원 → ⑫홍난파가옥 → ⑬ 권율장군집터 → ⑭ 딜쿠샤(엘버트테일러가옥) →  ⑮우수조망소 →⑯국사당 →⑰인왕산 →⑱기차바위 →⑲인왕산길 →⑳팔각정 → (21)윤동주시인의언덕 →  (22)창의문(북소문)
※ 소요시간 : 약 5시간　＊코스는 부득이 한 경우 변경될 수 있습니다.','02-2148-1864 / 02-3396-4623','연중무휴','http://tour.jongno.go.kr');
Insert into TEAM2.DB_DESTINATION (NO,CITY_NO,ADDRESS,LAT,LNG,NAME,DETAILS,CONTACT,OPENTIME,SITE) values (20,100,'서울특별시 마포구 상암동 203-1','37.577750','126.892111','DMC(디지털미디어시티) 
자전거코스','DMC는 디지털미디어시티(Digital Media City)의 약자로, 과거 쓰레기 산이었던 난지도를 서울시에서 변화시켜 세계 최상의 첨단문화산업단지로 조성중인 곳이다. 서울 마포구 상암지구에 약57만㎡ 규모이며, 첨단 디지털미디어 엔터테인먼트(M'|| chr(38) ||'E) 클러스터이다. 시설로는 DMC홍보관, DMS(Digital Media Street), DMC 아트피아가 있다. 그리고는 세계 최초의 가로단위 유비쿼터스 공간이 있으며 특히, DMC를 더욱 매력적인 공간으로 만든 <아트펜스>는 창의적인 조형예술품을 설치한 세계 최대의 거리미술관으로 자연의 5대 원소인 물, 흙, 바람, 불, 빛을 모티브로 조성한 전시장이다. 또한, DMC 산업단지내에는 디지털파빌리온, 한국문화콘텐츠센터(한국영화박물관), 월드컵공원 등이 있어 연계관람 및 다양한 문화체험을 즐길 수 있다.

[디지털도시와 공원을 넘나들다 - 자전거여행코스]
DMC 홍보관→상암근린공원앞→박정희도서관앞→난지천공원길 →메타세콰이어길 →난지한강공원→평화의공원→월드컵경기장','02-309-7067','연중무휴','http://dmc.seoul.kr');
Insert into TEAM2.DB_DESTINATION (NO,CITY_NO,ADDRESS,LAT,LNG,NAME,DETAILS,CONTACT,OPENTIME,SITE) values (21,100,'서울특별시 송파구 방이동 올림픽로 424 올림픽공원','37.520667','127.121472','올림픽공원 스케이트장','서울 송파구에 위치한 올림픽공원 평화의 광장 스케이트장이다. 올림픽 기념관, 소마미술관, 몽촌 토성 등 주변 볼거리가 다양할 뿐만 아니라 다양한 이벤트 행사를 개최하여 즐길 거리도 많이 준비되어 있다. 

부대 시설로는 야외 스케이트장 주변에 마련된 휴게실, 스케이트 대여실, 매점, 스낵바 등이 있다. 찾아가는 방법은 전철 8호선 몽촌토성역 1번 출구로 나가면 되고 버스를 이용하고자 할 때에는 초록색 버스 2412, 2413번 버스를 타고 평화의 광장 정류장에서 내리면 된다.','02-410-1691','연중무휴','http://www.olympicpark.co.kr');
Insert into TEAM2.DB_DESTINATION (NO,CITY_NO,ADDRESS,LAT,LNG,NAME,DETAILS,CONTACT,OPENTIME,SITE) values (22,100,'서울특별시 마포구 동교동 189-1','37.556000','126.929972','유어마인드','콘텐츠 제작부터 출간, 유통까지 한 사람의 손길을 거쳐 나오는 책이 독립출판물이다. 유어마인드는 이러한 독립출판물을 만나볼 수 있는 서점이다. 독립출판 도서는 일반 서적들과는 성향이 달라 대형서점에서는 만나기 쉽지 않다. 유어마인드의 내부는 다락방처럼 디자인되어 있는 서가와 작은 매대, 책상 등으로 꾸며져 있으며, 독립출판물은 매장 이외에 유어마인드 홈페이지(www.your-mind.com)를 통해 구매가 가능하다.','070-8821-8990','2-9:30pm / 매주 월 휴무','www.your-mind.com');
Insert into TEAM2.DB_DESTINATION (NO,CITY_NO,ADDRESS,LAT,LNG,NAME,DETAILS,CONTACT,OPENTIME,SITE) values (23,100,'서울특별시 강남구 삼성1동 159-4','37.511139','127.058444','카카오프렌즈 브랜드스토어','카카오프렌즈 브랜드스토어는 스마트폰 메신져 카카오톡의 캐릭터인 카카오프렌즈의 캐릭터상품을 판매하는 브랜드스토어다. 무지'|| chr(38) ||'콘,프로도,네오,튜브,제이지,어피치등 모바일 메신저 카카오톡 이모티콘에서 탄생한 캐릭터를 활용한 각각이 가진 넘치는 개성을 담은 캐릭터 상품을 만나볼 수 있다.','02-6002-1880','10:00 ~ 22:00','https://www.facebook.com/kakaofriends');

-- 카테고리와 여행지 연결
Insert into TEAM2.DB_DESTINATION_CATEGORY (DEST_NO,CATE_CODE) values (1,302);
Insert into TEAM2.DB_DESTINATION_CATEGORY (DEST_NO,CATE_CODE) values (2,302);
Insert into TEAM2.DB_DESTINATION_CATEGORY (DEST_NO,CATE_CODE) values (3,302);
Insert into TEAM2.DB_DESTINATION_CATEGORY (DEST_NO,CATE_CODE) values (4,301);
Insert into TEAM2.DB_DESTINATION_CATEGORY (DEST_NO,CATE_CODE) values (5,301);
Insert into TEAM2.DB_DESTINATION_CATEGORY (DEST_NO,CATE_CODE) values (6,301);
Insert into TEAM2.DB_DESTINATION_CATEGORY (DEST_NO,CATE_CODE) values (7,302);
Insert into TEAM2.DB_DESTINATION_CATEGORY (DEST_NO,CATE_CODE) values (8,101);
Insert into TEAM2.DB_DESTINATION_CATEGORY (DEST_NO,CATE_CODE) values (9,103);
Insert into TEAM2.DB_DESTINATION_CATEGORY (DEST_NO,CATE_CODE) values (10,102);
Insert into TEAM2.DB_DESTINATION_CATEGORY (DEST_NO,CATE_CODE) values (11,102);
Insert into TEAM2.DB_DESTINATION_CATEGORY (DEST_NO,CATE_CODE) values (12,101);
Insert into TEAM2.DB_DESTINATION_CATEGORY (DEST_NO,CATE_CODE) values (13,102);
Insert into TEAM2.DB_DESTINATION_CATEGORY (DEST_NO,CATE_CODE) values (14,103);
Insert into TEAM2.DB_DESTINATION_CATEGORY (DEST_NO,CATE_CODE) values (15,303);
Insert into TEAM2.DB_DESTINATION_CATEGORY (DEST_NO,CATE_CODE) values (16,302);
Insert into TEAM2.DB_DESTINATION_CATEGORY (DEST_NO,CATE_CODE) values (17,301);
Insert into TEAM2.DB_DESTINATION_CATEGORY (DEST_NO,CATE_CODE) values (18,301);
Insert into TEAM2.DB_DESTINATION_CATEGORY (DEST_NO,CATE_CODE) values (19,303);
Insert into TEAM2.DB_DESTINATION_CATEGORY (DEST_NO,CATE_CODE) values (20,301);
Insert into TEAM2.DB_DESTINATION_CATEGORY (DEST_NO,CATE_CODE) values (21,301);
Insert into TEAM2.DB_DESTINATION_CATEGORY (DEST_NO,CATE_CODE) values (22,402);
Insert into TEAM2.DB_DESTINATION_CATEGORY (DEST_NO,CATE_CODE) values (23,402);
Insert into TEAM2.DB_DESTINATION_CATEGORY (DEST_NO,CATE_CODE) values (24,403);
Insert into TEAM2.DB_DESTINATION_CATEGORY (DEST_NO,CATE_CODE) values (25,403);
Insert into TEAM2.DB_DESTINATION_CATEGORY (DEST_NO,CATE_CODE) values (26,403);
Insert into TEAM2.DB_DESTINATION_CATEGORY (DEST_NO,CATE_CODE) values (27,402);
Insert into TEAM2.DB_DESTINATION_CATEGORY (DEST_NO,CATE_CODE) values (28,402);
Insert into TEAM2.DB_DESTINATION_CATEGORY (DEST_NO,CATE_CODE) values (29,301);
Insert into TEAM2.DB_DESTINATION_CATEGORY (DEST_NO,CATE_CODE) values (30,301);
Insert into TEAM2.DB_DESTINATION_CATEGORY (DEST_NO,CATE_CODE) values (31,301);
Insert into TEAM2.DB_DESTINATION_CATEGORY (DEST_NO,CATE_CODE) values (32,302);
Insert into TEAM2.DB_DESTINATION_CATEGORY (DEST_NO,CATE_CODE) values (33,301);
Insert into TEAM2.DB_DESTINATION_CATEGORY (DEST_NO,CATE_CODE) values (34,301);
Insert into TEAM2.DB_DESTINATION_CATEGORY (DEST_NO,CATE_CODE) values (35,302);
Insert into TEAM2.DB_DESTINATION_CATEGORY (DEST_NO,CATE_CODE) values (36,103);
Insert into TEAM2.DB_DESTINATION_CATEGORY (DEST_NO,CATE_CODE) values (37,103);
Insert into TEAM2.DB_DESTINATION_CATEGORY (DEST_NO,CATE_CODE) values (38,101);
Insert into TEAM2.DB_DESTINATION_CATEGORY (DEST_NO,CATE_CODE) values (39,102);
Insert into TEAM2.DB_DESTINATION_CATEGORY (DEST_NO,CATE_CODE) values (40,102);
Insert into TEAM2.DB_DESTINATION_CATEGORY (DEST_NO,CATE_CODE) values (41,101);
Insert into TEAM2.DB_DESTINATION_CATEGORY (DEST_NO,CATE_CODE) values (42,100);
Insert into TEAM2.DB_DESTINATION_CATEGORY (DEST_NO,CATE_CODE) values (43,302);
Insert into TEAM2.DB_DESTINATION_CATEGORY (DEST_NO,CATE_CODE) values (44,301);
Insert into TEAM2.DB_DESTINATION_CATEGORY (DEST_NO,CATE_CODE) values (45,301);
Insert into TEAM2.DB_DESTINATION_CATEGORY (DEST_NO,CATE_CODE) values (46,302);
Insert into TEAM2.DB_DESTINATION_CATEGORY (DEST_NO,CATE_CODE) values (47,302);
Insert into TEAM2.DB_DESTINATION_CATEGORY (DEST_NO,CATE_CODE) values (48,302);
Insert into TEAM2.DB_DESTINATION_CATEGORY (DEST_NO,CATE_CODE) values (49,302);
Insert into TEAM2.DB_DESTINATION_CATEGORY (DEST_NO,CATE_CODE) values (50,401);
Insert into TEAM2.DB_DESTINATION_CATEGORY (DEST_NO,CATE_CODE) values (51,401);
Insert into TEAM2.DB_DESTINATION_CATEGORY (DEST_NO,CATE_CODE) values (52,401);
Insert into TEAM2.DB_DESTINATION_CATEGORY (DEST_NO,CATE_CODE) values (53,401);
Insert into TEAM2.DB_DESTINATION_CATEGORY (DEST_NO,CATE_CODE) values (54,401);
Insert into TEAM2.DB_DESTINATION_CATEGORY (DEST_NO,CATE_CODE) values (55,401);
Insert into TEAM2.DB_DESTINATION_CATEGORY (DEST_NO,CATE_CODE) values (56,401);
Insert into TEAM2.DB_DESTINATION_CATEGORY (DEST_NO,CATE_CODE) values (57,301);
Insert into TEAM2.DB_DESTINATION_CATEGORY (DEST_NO,CATE_CODE) values (58,302);
Insert into TEAM2.DB_DESTINATION_CATEGORY (DEST_NO,CATE_CODE) values (59,302);
Insert into TEAM2.DB_DESTINATION_CATEGORY (DEST_NO,CATE_CODE) values (60,302);
Insert into TEAM2.DB_DESTINATION_CATEGORY (DEST_NO,CATE_CODE) values (61,302);
Insert into TEAM2.DB_DESTINATION_CATEGORY (DEST_NO,CATE_CODE) values (62,301);
Insert into TEAM2.DB_DESTINATION_CATEGORY (DEST_NO,CATE_CODE) values (63,301);
Insert into TEAM2.DB_DESTINATION_CATEGORY (DEST_NO,CATE_CODE) values (64,101);
Insert into TEAM2.DB_DESTINATION_CATEGORY (DEST_NO,CATE_CODE) values (65,101);
Insert into TEAM2.DB_DESTINATION_CATEGORY (DEST_NO,CATE_CODE) values (66,103);
Insert into TEAM2.DB_DESTINATION_CATEGORY (DEST_NO,CATE_CODE) values (67,102);
Insert into TEAM2.DB_DESTINATION_CATEGORY (DEST_NO,CATE_CODE) values (68,101);
Insert into TEAM2.DB_DESTINATION_CATEGORY (DEST_NO,CATE_CODE) values (69,101);
Insert into TEAM2.DB_DESTINATION_CATEGORY (DEST_NO,CATE_CODE) values (70,102);
Insert into TEAM2.DB_DESTINATION_CATEGORY (DEST_NO,CATE_CODE) values (71,301);
Insert into TEAM2.DB_DESTINATION_CATEGORY (DEST_NO,CATE_CODE) values (72,303);
Insert into TEAM2.DB_DESTINATION_CATEGORY (DEST_NO,CATE_CODE) values (73,301);
Insert into TEAM2.DB_DESTINATION_CATEGORY (DEST_NO,CATE_CODE) values (74,301);
Insert into TEAM2.DB_DESTINATION_CATEGORY (DEST_NO,CATE_CODE) values (75,301);
Insert into TEAM2.DB_DESTINATION_CATEGORY (DEST_NO,CATE_CODE) values (76,301);
Insert into TEAM2.DB_DESTINATION_CATEGORY (DEST_NO,CATE_CODE) values (77,301);
Insert into TEAM2.DB_DESTINATION_CATEGORY (DEST_NO,CATE_CODE) values (78,403);
Insert into TEAM2.DB_DESTINATION_CATEGORY (DEST_NO,CATE_CODE) values (79,402);
Insert into TEAM2.DB_DESTINATION_CATEGORY (DEST_NO,CATE_CODE) values (80,402);
Insert into TEAM2.DB_DESTINATION_CATEGORY (DEST_NO,CATE_CODE) values (81,403);
Insert into TEAM2.DB_DESTINATION_CATEGORY (DEST_NO,CATE_CODE) values (82,403);
Insert into TEAM2.DB_DESTINATION_CATEGORY (DEST_NO,CATE_CODE) values (83,402);
Insert into TEAM2.DB_DESTINATION_CATEGORY (DEST_NO,CATE_CODE) values (84,401);
Insert into TEAM2.DB_DESTINATION_CATEGORY (DEST_NO,CATE_CODE) values (85,302);
Insert into TEAM2.DB_DESTINATION_CATEGORY (DEST_NO,CATE_CODE) values (86,302);
Insert into TEAM2.DB_DESTINATION_CATEGORY (DEST_NO,CATE_CODE) values (87,302);
Insert into TEAM2.DB_DESTINATION_CATEGORY (DEST_NO,CATE_CODE) values (88,301);
Insert into TEAM2.DB_DESTINATION_CATEGORY (DEST_NO,CATE_CODE) values (89,302);
Insert into TEAM2.DB_DESTINATION_CATEGORY (DEST_NO,CATE_CODE) values (90,302);
Insert into TEAM2.DB_DESTINATION_CATEGORY (DEST_NO,CATE_CODE) values (91,302);
Insert into TEAM2.DB_DESTINATION_CATEGORY (DEST_NO,CATE_CODE) values (92,102);
Insert into TEAM2.DB_DESTINATION_CATEGORY (DEST_NO,CATE_CODE) values (93,103);
Insert into TEAM2.DB_DESTINATION_CATEGORY (DEST_NO,CATE_CODE) values (94,101);
Insert into TEAM2.DB_DESTINATION_CATEGORY (DEST_NO,CATE_CODE) values (95,103);
Insert into TEAM2.DB_DESTINATION_CATEGORY (DEST_NO,CATE_CODE) values (96,101);
Insert into TEAM2.DB_DESTINATION_CATEGORY (DEST_NO,CATE_CODE) values (97,101);
Insert into TEAM2.DB_DESTINATION_CATEGORY (DEST_NO,CATE_CODE) values (98,101);
Insert into TEAM2.DB_DESTINATION_CATEGORY (DEST_NO,CATE_CODE) values (99,301);
Insert into TEAM2.DB_DESTINATION_CATEGORY (DEST_NO,CATE_CODE) values (100,302);
Insert into TEAM2.DB_DESTINATION_CATEGORY (DEST_NO,CATE_CODE) values (101,302);
Insert into TEAM2.DB_DESTINATION_CATEGORY (DEST_NO,CATE_CODE) values (102,302);
Insert into TEAM2.DB_DESTINATION_CATEGORY (DEST_NO,CATE_CODE) values (103,301);
Insert into TEAM2.DB_DESTINATION_CATEGORY (DEST_NO,CATE_CODE) values (104,302);
Insert into TEAM2.DB_DESTINATION_CATEGORY (DEST_NO,CATE_CODE) values (105,302);
Insert into TEAM2.DB_DESTINATION_CATEGORY (DEST_NO,CATE_CODE) values (106,401);
Insert into TEAM2.DB_DESTINATION_CATEGORY (DEST_NO,CATE_CODE) values (107,402);
Insert into TEAM2.DB_DESTINATION_CATEGORY (DEST_NO,CATE_CODE) values (108,401);
Insert into TEAM2.DB_DESTINATION_CATEGORY (DEST_NO,CATE_CODE) values (109,401);
Insert into TEAM2.DB_DESTINATION_CATEGORY (DEST_NO,CATE_CODE) values (110,401);
Insert into TEAM2.DB_DESTINATION_CATEGORY (DEST_NO,CATE_CODE) values (111,401);
Insert into TEAM2.DB_DESTINATION_CATEGORY (DEST_NO,CATE_CODE) values (112,401);
Insert into TEAM2.DB_DESTINATION_CATEGORY (DEST_NO,CATE_CODE) values (113,303);
Insert into TEAM2.DB_DESTINATION_CATEGORY (DEST_NO,CATE_CODE) values (114,302);
Insert into TEAM2.DB_DESTINATION_CATEGORY (DEST_NO,CATE_CODE) values (115,302);
Insert into TEAM2.DB_DESTINATION_CATEGORY (DEST_NO,CATE_CODE) values (116,302);
Insert into TEAM2.DB_DESTINATION_CATEGORY (DEST_NO,CATE_CODE) values (117,302);
Insert into TEAM2.DB_DESTINATION_CATEGORY (DEST_NO,CATE_CODE) values (118,302);
Insert into TEAM2.DB_DESTINATION_CATEGORY (DEST_NO,CATE_CODE) values (119,302);
Insert into TEAM2.DB_DESTINATION_CATEGORY (DEST_NO,CATE_CODE) values (120,101);
Insert into TEAM2.DB_DESTINATION_CATEGORY (DEST_NO,CATE_CODE) values (121,101);
Insert into TEAM2.DB_DESTINATION_CATEGORY (DEST_NO,CATE_CODE) values (122,101);
Insert into TEAM2.DB_DESTINATION_CATEGORY (DEST_NO,CATE_CODE) values (123,102);
Insert into TEAM2.DB_DESTINATION_CATEGORY (DEST_NO,CATE_CODE) values (124,102);
Insert into TEAM2.DB_DESTINATION_CATEGORY (DEST_NO,CATE_CODE) values (125,101);
Insert into TEAM2.DB_DESTINATION_CATEGORY (DEST_NO,CATE_CODE) values (126,101);
Insert into TEAM2.DB_DESTINATION_CATEGORY (DEST_NO,CATE_CODE) values (127,302);
Insert into TEAM2.DB_DESTINATION_CATEGORY (DEST_NO,CATE_CODE) values (128,302);
Insert into TEAM2.DB_DESTINATION_CATEGORY (DEST_NO,CATE_CODE) values (129,301);
Insert into TEAM2.DB_DESTINATION_CATEGORY (DEST_NO,CATE_CODE) values (130,303);
Insert into TEAM2.DB_DESTINATION_CATEGORY (DEST_NO,CATE_CODE) values (131,303);
Insert into TEAM2.DB_DESTINATION_CATEGORY (DEST_NO,CATE_CODE) values (132,301);
Insert into TEAM2.DB_DESTINATION_CATEGORY (DEST_NO,CATE_CODE) values (133,301);
Insert into TEAM2.DB_DESTINATION_CATEGORY (DEST_NO,CATE_CODE) values (134,403);
Insert into TEAM2.DB_DESTINATION_CATEGORY (DEST_NO,CATE_CODE) values (135,401);
Insert into TEAM2.DB_DESTINATION_CATEGORY (DEST_NO,CATE_CODE) values (136,403);
Insert into TEAM2.DB_DESTINATION_CATEGORY (DEST_NO,CATE_CODE) values (137,401);
Insert into TEAM2.DB_DESTINATION_CATEGORY (DEST_NO,CATE_CODE) values (138,403);
Insert into TEAM2.DB_DESTINATION_CATEGORY (DEST_NO,CATE_CODE) values (139,403);
Insert into TEAM2.DB_DESTINATION_CATEGORY (DEST_NO,CATE_CODE) values (140,401);
Insert into TEAM2.DB_DESTINATION_CATEGORY (DEST_NO,CATE_CODE) values (141,302);
Insert into TEAM2.DB_DESTINATION_CATEGORY (DEST_NO,CATE_CODE) values (142,302);
Insert into TEAM2.DB_DESTINATION_CATEGORY (DEST_NO,CATE_CODE) values (143,301);
Insert into TEAM2.DB_DESTINATION_CATEGORY (DEST_NO,CATE_CODE) values (144,302);
Insert into TEAM2.DB_DESTINATION_CATEGORY (DEST_NO,CATE_CODE) values (145,301);
Insert into TEAM2.DB_DESTINATION_CATEGORY (DEST_NO,CATE_CODE) values (146,302);
Insert into TEAM2.DB_DESTINATION_CATEGORY (DEST_NO,CATE_CODE) values (147,302);
Insert into TEAM2.DB_DESTINATION_CATEGORY (DEST_NO,CATE_CODE) values (148,102);
Insert into TEAM2.DB_DESTINATION_CATEGORY (DEST_NO,CATE_CODE) values (149,103);
Insert into TEAM2.DB_DESTINATION_CATEGORY (DEST_NO,CATE_CODE) values (150,101);
Insert into TEAM2.DB_DESTINATION_CATEGORY (DEST_NO,CATE_CODE) values (151,101);
Insert into TEAM2.DB_DESTINATION_CATEGORY (DEST_NO,CATE_CODE) values (152,101);
Insert into TEAM2.DB_DESTINATION_CATEGORY (DEST_NO,CATE_CODE) values (153,103);
Insert into TEAM2.DB_DESTINATION_CATEGORY (DEST_NO,CATE_CODE) values (154,101);
Insert into TEAM2.DB_DESTINATION_CATEGORY (DEST_NO,CATE_CODE) values (155,302);
Insert into TEAM2.DB_DESTINATION_CATEGORY (DEST_NO,CATE_CODE) values (156,301);
Insert into TEAM2.DB_DESTINATION_CATEGORY (DEST_NO,CATE_CODE) values (157,303);
Insert into TEAM2.DB_DESTINATION_CATEGORY (DEST_NO,CATE_CODE) values (158,302);
Insert into TEAM2.DB_DESTINATION_CATEGORY (DEST_NO,CATE_CODE) values (159,302);
Insert into TEAM2.DB_DESTINATION_CATEGORY (DEST_NO,CATE_CODE) values (160,303);
Insert into TEAM2.DB_DESTINATION_CATEGORY (DEST_NO,CATE_CODE) values (161,301);
Insert into TEAM2.DB_DESTINATION_CATEGORY (DEST_NO,CATE_CODE) values (162,402);
Insert into TEAM2.DB_DESTINATION_CATEGORY (DEST_NO,CATE_CODE) values (163,402);
Insert into TEAM2.DB_DESTINATION_CATEGORY (DEST_NO,CATE_CODE) values (164,402);
Insert into TEAM2.DB_DESTINATION_CATEGORY (DEST_NO,CATE_CODE) values (165,403);
Insert into TEAM2.DB_DESTINATION_CATEGORY (DEST_NO,CATE_CODE) values (166,401);
Insert into TEAM2.DB_DESTINATION_CATEGORY (DEST_NO,CATE_CODE) values (167,401);
Insert into TEAM2.DB_DESTINATION_CATEGORY (DEST_NO,CATE_CODE) values (168,402);
Insert into TEAM2.DB_DESTINATION_CATEGORY (DEST_NO,CATE_CODE) values (169,301);
Insert into TEAM2.DB_DESTINATION_CATEGORY (DEST_NO,CATE_CODE) values (170,301);
Insert into TEAM2.DB_DESTINATION_CATEGORY (DEST_NO,CATE_CODE) values (171,302);
Insert into TEAM2.DB_DESTINATION_CATEGORY (DEST_NO,CATE_CODE) values (172,302);
Insert into TEAM2.DB_DESTINATION_CATEGORY (DEST_NO,CATE_CODE) values (173,301);
Insert into TEAM2.DB_DESTINATION_CATEGORY (DEST_NO,CATE_CODE) values (174,301);
Insert into TEAM2.DB_DESTINATION_CATEGORY (DEST_NO,CATE_CODE) values (175,301);
Insert into TEAM2.DB_DESTINATION_CATEGORY (DEST_NO,CATE_CODE) values (176,102);
Insert into TEAM2.DB_DESTINATION_CATEGORY (DEST_NO,CATE_CODE) values (177,101);
Insert into TEAM2.DB_DESTINATION_CATEGORY (DEST_NO,CATE_CODE) values (178,102);
Insert into TEAM2.DB_DESTINATION_CATEGORY (DEST_NO,CATE_CODE) values (179,102);
Insert into TEAM2.DB_DESTINATION_CATEGORY (DEST_NO,CATE_CODE) values (180,101);
Insert into TEAM2.DB_DESTINATION_CATEGORY (DEST_NO,CATE_CODE) values (181,101);
Insert into TEAM2.DB_DESTINATION_CATEGORY (DEST_NO,CATE_CODE) values (182,101);
Insert into TEAM2.DB_DESTINATION_CATEGORY (DEST_NO,CATE_CODE) values (183,300);
Insert into TEAM2.DB_DESTINATION_CATEGORY (DEST_NO,CATE_CODE) values (184,302);
Insert into TEAM2.DB_DESTINATION_CATEGORY (DEST_NO,CATE_CODE) values (185,302);
Insert into TEAM2.DB_DESTINATION_CATEGORY (DEST_NO,CATE_CODE) values (186,301);
Insert into TEAM2.DB_DESTINATION_CATEGORY (DEST_NO,CATE_CODE) values (187,302);
Insert into TEAM2.DB_DESTINATION_CATEGORY (DEST_NO,CATE_CODE) values (188,303);
Insert into TEAM2.DB_DESTINATION_CATEGORY (DEST_NO,CATE_CODE) values (189,301);
Insert into TEAM2.DB_DESTINATION_CATEGORY (DEST_NO,CATE_CODE) values (190,402);
Insert into TEAM2.DB_DESTINATION_CATEGORY (DEST_NO,CATE_CODE) values (191,401);
Insert into TEAM2.DB_DESTINATION_CATEGORY (DEST_NO,CATE_CODE) values (192,401);
Insert into TEAM2.DB_DESTINATION_CATEGORY (DEST_NO,CATE_CODE) values (193,401);
Insert into TEAM2.DB_DESTINATION_CATEGORY (DEST_NO,CATE_CODE) values (194,401);
Insert into TEAM2.DB_DESTINATION_CATEGORY (DEST_NO,CATE_CODE) values (195,401);
Insert into TEAM2.DB_DESTINATION_CATEGORY (DEST_NO,CATE_CODE) values (196,402);
Insert into TEAM2.DB_DESTINATION_CATEGORY (DEST_NO,CATE_CODE) values (197,301);
Insert into TEAM2.DB_DESTINATION_CATEGORY (DEST_NO,CATE_CODE) values (198,301);
Insert into TEAM2.DB_DESTINATION_CATEGORY (DEST_NO,CATE_CODE) values (199,301);
Insert into TEAM2.DB_DESTINATION_CATEGORY (DEST_NO,CATE_CODE) values (200,301);
Insert into TEAM2.DB_DESTINATION_CATEGORY (DEST_NO,CATE_CODE) values (201,301);
Insert into TEAM2.DB_DESTINATION_CATEGORY (DEST_NO,CATE_CODE) values (202,301);
Insert into TEAM2.DB_DESTINATION_CATEGORY (DEST_NO,CATE_CODE) values (203,301);
Insert into TEAM2.DB_DESTINATION_CATEGORY (DEST_NO,CATE_CODE) values (204,103);
Insert into TEAM2.DB_DESTINATION_CATEGORY (DEST_NO,CATE_CODE) values (205,101);
Insert into TEAM2.DB_DESTINATION_CATEGORY (DEST_NO,CATE_CODE) values (206,101);
Insert into TEAM2.DB_DESTINATION_CATEGORY (DEST_NO,CATE_CODE) values (207,101);
Insert into TEAM2.DB_DESTINATION_CATEGORY (DEST_NO,CATE_CODE) values (208,103);
Insert into TEAM2.DB_DESTINATION_CATEGORY (DEST_NO,CATE_CODE) values (209,103);
Insert into TEAM2.DB_DESTINATION_CATEGORY (DEST_NO,CATE_CODE) values (210,101);
Insert into TEAM2.DB_DESTINATION_CATEGORY (DEST_NO,CATE_CODE) values (211,302);
Insert into TEAM2.DB_DESTINATION_CATEGORY (DEST_NO,CATE_CODE) values (212,302);
Insert into TEAM2.DB_DESTINATION_CATEGORY (DEST_NO,CATE_CODE) values (213,302);
Insert into TEAM2.DB_DESTINATION_CATEGORY (DEST_NO,CATE_CODE) values (214,302);
Insert into TEAM2.DB_DESTINATION_CATEGORY (DEST_NO,CATE_CODE) values (215,302);
Insert into TEAM2.DB_DESTINATION_CATEGORY (DEST_NO,CATE_CODE) values (216,302);
Insert into TEAM2.DB_DESTINATION_CATEGORY (DEST_NO,CATE_CODE) values (217,302);
Insert into TEAM2.DB_DESTINATION_CATEGORY (DEST_NO,CATE_CODE) values (218,402);
Insert into TEAM2.DB_DESTINATION_CATEGORY (DEST_NO,CATE_CODE) values (219,402);
Insert into TEAM2.DB_DESTINATION_CATEGORY (DEST_NO,CATE_CODE) values (220,401);
Insert into TEAM2.DB_DESTINATION_CATEGORY (DEST_NO,CATE_CODE) values (221,402);
Insert into TEAM2.DB_DESTINATION_CATEGORY (DEST_NO,CATE_CODE) values (222,402);
Insert into TEAM2.DB_DESTINATION_CATEGORY (DEST_NO,CATE_CODE) values (223,402);
Insert into TEAM2.DB_DESTINATION_CATEGORY (DEST_NO,CATE_CODE) values (224,401);



-- user 추가

INSERT INTO DB_USER(NO, NAME, EMAIL, PASSWORD, GENDER, REG_DATE, IS_DROPPED, POINT)  VALUES (101, '임용규','user@gmail.com','0ffe1abd1a08215353c233d6e009613e95eec4253832a761af28ff37ac5a150c','M','20160126200110','F',0);
INSERT INTO DB_USER(NO, NAME, EMAIL, PASSWORD, GENDER, REG_DATE, IS_DROPPED, POINT)  VALUES (107, '오주호','redsoul007@naver.com','03ac674216f3e15c761ee1a5e255f067953623c8b388b4459e13f978d7c846f4','M','20160128210111','F',0);
INSERT INTO DB_USER(NO, NAME, EMAIL, PASSWORD, GENDER, REG_DATE, IS_DROPPED, POINT)  VALUES (110, '오주호','redsoul007@gmail.com','03ac674216f3e15c761ee1a5e255f067953623c8b388b4459e13f978d7c846f4','F','20160129140141','F',0);
INSERT INTO DB_USER(NO, NAME, EMAIL, PASSWORD, GENDER, REG_DATE, IS_DROPPED, POINT)  VALUES (111, 'saintkim','saintkim@naver.com','0ffe1abd1a08215353c233d6e009613e95eec4253832a761af28ff37ac5a150c','M','20160129140159','F',0);
INSERT INTO DB_USER(NO, NAME, EMAIL, PASSWORD, GENDER, REG_DATE, IS_DROPPED, POINT)  VALUES (112, '홍길동','hong@gmail.com','03ac674216f3e15c761ee1a5e255f067953623c8b388b4459e13f978d7c846f4','F','20160129140116','F',0);
INSERT INTO DB_USER(NO, NAME, EMAIL, PASSWORD, GENDER, REG_DATE, IS_DROPPED, POINT)  VALUES (113, '김유신','kim@earth.com','03ac674216f3e15c761ee1a5e255f067953623c8b388b4459e13f978d7c846f4','M','20160129140146','F',0);
INSERT INTO DB_USER(NO, NAME, EMAIL, PASSWORD, GENDER, REG_DATE, IS_DROPPED, POINT)  VALUES (114, '유관순','yooo@earth.com','03ac674216f3e15c761ee1a5e255f067953623c8b388b4459e13f978d7c846f4','M','20160129140119','F',0);
-- 비번 1234
INSERT INTO DB_USER(NO, NAME, EMAIL, PASSWORD, GENDER, REG_DATE, IS_DROPPED, POINT)  VALUES (115, '송지훈', 'test1@gmail.com', '03ac674216f3e15c761ee1a5e255f067953623c8b388b4459e13f978d7c846f4', 'M', TO_CHAR(SYSDATE, 'YYYYMMDDHH24MISS'), 'F', 100);
INSERT INTO DB_USER(NO, NAME, EMAIL, PASSWORD, GENDER, REG_DATE, IS_DROPPED, POINT)  VALUES (116, '이진영', 'test2@gmail.com', '03ac674216f3e15c761ee1a5e255f067953623c8b388b4459e13f978d7c846f4', 'F', TO_CHAR(SYSDATE, 'YYYYMMDDHH24MISS'), 'F', 100);
INSERT INTO DB_USER(NO, NAME, EMAIL, PASSWORD, GENDER, REG_DATE, IS_DROPPED, POINT)  VALUES (117, '필명신', 'test3@gmail.com', '03ac674216f3e15c761ee1a5e255f067953623c8b388b4459e13f978d7c846f4', 'M', TO_CHAR(SYSDATE, 'YYYYMMDDHH24MISS'), 'F', 100);
INSERT INTO DB_USER(NO, NAME, EMAIL, PASSWORD, GENDER, REG_DATE, IS_DROPPED, POINT)  VALUES (118, '김민수', 'test4@gmail.com', '03ac674216f3e15c761ee1a5e255f067953623c8b388b4459e13f978d7c846f4', 'M', TO_CHAR(SYSDATE, 'YYYYMMDDHH24MISS'), 'F', 100);
INSERT INTO DB_USER(NO, NAME, EMAIL, PASSWORD, GENDER, REG_DATE, IS_DROPPED, POINT)  VALUES (119, '홍은혜', 'test6@gmail.com', '03ac674216f3e15c761ee1a5e255f067953623c8b388b4459e13f978d7c846f4', 'F', TO_CHAR(SYSDATE, 'YYYYMMDDHH24MISS'), 'F', 100);
INSERT INTO DB_USER(NO, NAME, EMAIL, PASSWORD, GENDER, REG_DATE, IS_DROPPED, POINT)  VALUES (120, '서영복', 'test8@gmail.com', '03ac674216f3e15c761ee1a5e255f067953623c8b388b4459e13f978d7c846f4', 'M', TO_CHAR(SYSDATE, 'YYYYMMDDHH24MISS'), 'F', 100);
INSERT INTO DB_USER(NO, NAME, EMAIL, PASSWORD, GENDER, REG_DATE, IS_DROPPED, POINT)  VALUES (121, '조민준', 'test9@gmail.com', '03ac674216f3e15c761ee1a5e255f067953623c8b388b4459e13f978d7c846f4', 'M', TO_CHAR(SYSDATE, 'YYYYMMDDHH24MISS'), 'F', 100);
INSERT INTO DB_USER(NO, NAME, EMAIL, PASSWORD, GENDER, REG_DATE, IS_DROPPED, POINT)  VALUES (122, '김승영', 'test10@gmail.com', '03ac674216f3e15c761ee1a5e255f067953623c8b388b4459e13f978d7c846f4', 'F', TO_CHAR(SYSDATE, 'YYYYMMDDHH24MISS'), 'F', 100);
INSERT INTO DB_USER(NO, NAME, EMAIL, PASSWORD, GENDER, REG_DATE, IS_DROPPED, POINT)  VALUES (123, '김의중', 'test11@gmail.com', '03ac674216f3e15c761ee1a5e255f067953623c8b388b4459e13f978d7c846f4', 'M', TO_CHAR(SYSDATE, 'YYYYMMDDHH24MISS'), 'F', 100);
INSERT INTO DB_USER(NO, NAME, EMAIL, PASSWORD, GENDER, REG_DATE, IS_DROPPED, POINT)  VALUES (124, '정현준', 'test12@gmail.com', '03ac674216f3e15c761ee1a5e255f067953623c8b388b4459e13f978d7c846f4', 'M', TO_CHAR(SYSDATE, 'YYYYMMDDHH24MISS'), 'F', 100);
INSERT INTO DB_USER(NO, NAME, EMAIL, PASSWORD, GENDER, REG_DATE, IS_DROPPED, POINT)  VALUES (125, '김태희', 'test13@gmail.com', '03ac674216f3e15c761ee1a5e255f067953623c8b388b4459e13f978d7c846f4', 'F', TO_CHAR(SYSDATE, 'YYYYMMDDHH24MISS'), 'F', 100);
INSERT INTO DB_USER(NO, NAME, EMAIL, PASSWORD, GENDER, REG_DATE, IS_DROPPED, POINT)  VALUES (126, '조인성', 'test14@gmail.com', '03ac674216f3e15c761ee1a5e255f067953623c8b388b4459e13f978d7c846f4', 'M', TO_CHAR(SYSDATE, 'YYYYMMDDHH24MISS'), 'F', 100);
INSERT INTO DB_USER(NO, NAME, EMAIL, PASSWORD, GENDER, REG_DATE, IS_DROPPED, POINT)  VALUES (127, '유재석', 'test15@gmail.com', '03ac674216f3e15c761ee1a5e255f067953623c8b388b4459e13f978d7c846f4', 'F', TO_CHAR(SYSDATE, 'YYYYMMDDHH24MISS'), 'F', 100);
INSERT INTO DB_USER(NO, NAME, EMAIL, PASSWORD, GENDER, REG_DATE, IS_DROPPED, POINT)  VALUES (128, '이광수', 'test16@gmail.com', '03ac674216f3e15c761ee1a5e255f067953623c8b388b4459e13f978d7c846f4', 'M', TO_CHAR(SYSDATE, 'YYYYMMDDHH24MISS'), 'F', 100);
INSERT INTO DB_USER(NO, NAME, EMAIL, PASSWORD, GENDER, REG_DATE, IS_DROPPED, POINT)  VALUES (129, '원빈', 'test17@gmail.com', '03ac674216f3e15c761ee1a5e255f067953623c8b388b4459e13f978d7c846f4', 'M', TO_CHAR(SYSDATE, 'YYYYMMDDHH24MISS'), 'F', 100);

-- 일정 SQL
/*
Insert into TEAM2.DB_PLAN (NO,IS_COMPLETED,USER_NO,LEAVE_DATE,PERIOD,TITLE,THEME_CODE,COPY_COUNT) values (225,'F',101,'20160302000000',2,'대구 뒷풀이 여행',1,0);

Insert into TEAM2.DB_PLAN_DETAILS (NO,PLAN_NO,DEST_NO,DAY,NUMBERING,BUDGET,MEMO) values (226,225,93,1,1,0,'첫 장소');
Insert into TEAM2.DB_PLAN_DETAILS (NO,PLAN_NO,DEST_NO,DAY,NUMBERING,BUDGET,MEMO) values (227,225,95,1,2,10000,'두번째 장소');
Insert into TEAM2.DB_PLAN_DETAILS (NO,PLAN_NO,DEST_NO,DAY,NUMBERING,BUDGET,MEMO) values (228,225,98,2,1,0,'첫번째 장소');
INSERT INTO DB_PLAN_DETAILS(NO,PLAN_NO,DEST_NO,DAY,NUMBERING,BUDGET,MEMO) VALUES(229, 225, 89, 2, 2, 3000, '2일차 두번째 장소');
INSERT INTO DB_PLAN_DETAILS(NO,PLAN_NO,DEST_NO,DAY,NUMBERING,BUDGET,MEMO) VALUES(230, 225, 90, 2, 3, 20000, '');
INSERT INTO DB_PLAN_DETAILS(NO,PLAN_NO,DEST_NO,DAY,NUMBERING,BUDGET,MEMO) VALUES(231, 225, 91, 3, 1, 30000, '마지막날입니다');
INSERT INTO DB_PLAN_DETAILS(NO,PLAN_NO,DEST_NO,DAY,NUMBERING,BUDGET,MEMO) VALUES(232, 225, 92, 3, 2, 7000, '');
INSERT INTO DB_PLAN_DETAILS(NO,PLAN_NO,DEST_NO,DAY,NUMBERING,BUDGET,MEMO) VALUES(233, 225, 93, 3, 3, 2000, '즐거웠습니다');
INSERT INTO DB_PLAN_DETAILS(NO,PLAN_NO,DEST_NO,DAY,NUMBERING,BUDGET,MEMO) VALUES(234, 225, 94, 1, 3, 10000, '');*/

--DB_PLAN 값 추가  
INSERT INTO DB_PLAN VALUES (226, 'F', 101, TO_CHAR(SYSDATE, 'YYYYMMDDHH12MISS'), 2, '서울나들이', 1,5); 
INSERT INTO DB_PLAN VALUES (227, 'F', 111, TO_CHAR(SYSDATE, 'YYYYMMDDHH12MISS'), 2, '대구방문기', 5,10); 
INSERT INTO DB_PLAN VALUES (228, 'T', 112, TO_CHAR(SYSDATE, 'YYYYMMDDHH12MISS'), 2, '울산탐험', 1,15); 
INSERT INTO DB_PLAN VALUES (229, 'T', 113, TO_CHAR(SYSDATE, 'YYYYMMDDHH12MISS'), 2, '제주탐사', 2,20); 
INSERT INTO DB_PLAN VALUES (230, 'T', 114, TO_CHAR(SYSDATE, 'YYYYMMDDHH12MISS'), 2, '서울여자놀이', 1,25); 
INSERT INTO DB_PLAN VALUES (231, 'T', 115, TO_CHAR(SYSDATE, 'YYYYMMDDHH12MISS'), 2, '광주맛집탐방', 6,30); 
 
 
--DB_PLAN_DETAIL 값 추가
--INSERT INTO DB_PLAN_DETAILS VALUES ( 번호,일정번호, 여행지번호,날짜, 순서,예산,메모 );
INSERT INTO DB_PLAN_DETAILS (NO, PLAN_NO, DEST_NO, DAY, NUMBERING, BUDGET, MEMO) VALUES (101, 226, 1, 1, 1, 20000, '서울나들이 1일 첫번째');
INSERT INTO DB_PLAN_DETAILS (NO, PLAN_NO, DEST_NO, DAY, NUMBERING, BUDGET, MEMO) VALUES (102, 226, 2, 1, 2, 30000, '서울나들이 1일 두번째');
INSERT INTO DB_PLAN_DETAILS (NO, PLAN_NO, DEST_NO, DAY, NUMBERING, BUDGET, MEMO) VALUES (103, 226, 3, 2, 1, 10000, '서울나들이 2일 첫번째');
INSERT INTO DB_PLAN_DETAILS (NO, PLAN_NO, DEST_NO, DAY, NUMBERING, BUDGET, MEMO) VALUES (104, 226, 4, 2, 2, 15000, '서울나들이 2일 두번째');
 
INSERT INTO DB_PLAN_DETAILS (NO, PLAN_NO, DEST_NO, DAY, NUMBERING, BUDGET, MEMO) VALUES (105, 227, 103, 1, 1, 20000, '대구방문기 1일 첫번째');
INSERT INTO DB_PLAN_DETAILS (NO, PLAN_NO, DEST_NO, DAY, NUMBERING, BUDGET, MEMO) VALUES (106, 227, 106, 1, 2, 30000, '대구방문기 1일 두번째');
INSERT INTO DB_PLAN_DETAILS (NO, PLAN_NO, DEST_NO, DAY, NUMBERING, BUDGET, MEMO) VALUES (107, 227, 107, 2, 1, 10000, '대구방문기 2일 첫번째');
INSERT INTO DB_PLAN_DETAILS (NO, PLAN_NO, DEST_NO, DAY, NUMBERING, BUDGET, MEMO) VALUES (108, 227, 108, 2, 2, 15000, '대구방문기 2일 두번째');
 
INSERT INTO DB_PLAN_DETAILS (NO, PLAN_NO, DEST_NO, DAY, NUMBERING, BUDGET, MEMO) VALUES (109, 228, 182, 1, 1, 20000, '울산탐험 1일 첫번째');
INSERT INTO DB_PLAN_DETAILS (NO, PLAN_NO, DEST_NO, DAY, NUMBERING, BUDGET, MEMO) VALUES (110, 228, 183, 1, 2, 30000, '울산탐험 1일 두번째');
INSERT INTO DB_PLAN_DETAILS (NO, PLAN_NO, DEST_NO, DAY, NUMBERING, BUDGET, MEMO) VALUES (111, 228, 184, 2, 1, 10000, '울산탐험 2일 첫번째');
INSERT INTO DB_PLAN_DETAILS (NO, PLAN_NO, DEST_NO, DAY, NUMBERING, BUDGET, MEMO) VALUES (112, 228, 185, 2, 2, 15000, '울산탐험 2일 두번째');
 
INSERT INTO DB_PLAN_DETAILS (NO, PLAN_NO, DEST_NO, DAY, NUMBERING, BUDGET, MEMO) VALUES (113, 229, 204, 1, 1, 20000, '제주탐험 1일 첫번째');
INSERT INTO DB_PLAN_DETAILS (NO, PLAN_NO, DEST_NO, DAY, NUMBERING, BUDGET, MEMO) VALUES (114, 229, 205, 1, 2, 30000, '제주탐험 1일 두번째');
INSERT INTO DB_PLAN_DETAILS (NO, PLAN_NO, DEST_NO, DAY, NUMBERING, BUDGET, MEMO) VALUES (115, 229, 206, 2, 1, 10000, '제주탐험 2일 첫번째');
INSERT INTO DB_PLAN_DETAILS (NO, PLAN_NO, DEST_NO, DAY, NUMBERING, BUDGET, MEMO) VALUES (116, 229, 207, 2, 2, 15000, '제주탐험 2일 두번째');
 
INSERT INTO DB_PLAN_DETAILS (NO, PLAN_NO, DEST_NO, DAY, NUMBERING, BUDGET, MEMO) VALUES (117, 230, 24, 1, 1, 20000, '서울여자놀이 1일 첫번째');
INSERT INTO DB_PLAN_DETAILS (NO, PLAN_NO, DEST_NO, DAY, NUMBERING, BUDGET, MEMO) VALUES (118, 230, 25, 1, 2, 30000, '서울여자놀이 1일 두번째');
INSERT INTO DB_PLAN_DETAILS (NO, PLAN_NO, DEST_NO, DAY, NUMBERING, BUDGET, MEMO) VALUES (119, 230, 26, 2, 1, 10000, '서울여자놀이 2일 첫번째');
INSERT INTO DB_PLAN_DETAILS (NO, PLAN_NO, DEST_NO, DAY, NUMBERING, BUDGET, MEMO) VALUES (120, 230, 27, 2, 2, 15000, '서울여자놀이 2일 두번째');
 
INSERT INTO DB_PLAN_DETAILS (NO, PLAN_NO, DEST_NO, DAY, NUMBERING, BUDGET, MEMO) VALUES (121, 231, 161, 1, 1, 20000, '광주맛집 1일 첫번째');
INSERT INTO DB_PLAN_DETAILS (NO, PLAN_NO, DEST_NO, DAY, NUMBERING, BUDGET, MEMO) VALUES (122, 231, 162, 1, 2, 30000, '광주맛집 1일 두번째');
INSERT INTO DB_PLAN_DETAILS (NO, PLAN_NO, DEST_NO, DAY, NUMBERING, BUDGET, MEMO) VALUES (123, 231, 163, 2, 1, 10000, '광주맛집 2일 첫번째');
INSERT INTO DB_PLAN_DETAILS (NO, PLAN_NO, DEST_NO, DAY, NUMBERING, BUDGET, MEMO) VALUES (124, 231, 164, 2, 2, 15000, '광주맛집 2일 두번째');


-- 사진 경로 SQL 작성
INSERT INTO DB_CITY_IMG (CITY_NO, FILENAME) VALUES (100, 'seoul.jpg');
INSERT INTO DB_CITY_IMG (CITY_NO, FILENAME) VALUES (200, 'daejeon.jpg');
INSERT INTO DB_CITY_IMG (CITY_NO, FILENAME) VALUES (300, 'daegu.jpg');
INSERT INTO DB_CITY_IMG (CITY_NO, FILENAME) VALUES (400, 'busan.jpg');
INSERT INTO DB_CITY_IMG (CITY_NO, FILENAME) VALUES (500, 'incheon.jpg');
INSERT INTO DB_CITY_IMG (CITY_NO, FILENAME) VALUES (600, 'gwangju.jpg');
INSERT INTO DB_CITY_IMG (CITY_NO, FILENAME) VALUES (700, 'ulsan.jpg');
INSERT INTO DB_CITY_IMG (CITY_NO, FILENAME) VALUES (800, 'jejuIsland.jpg');


-- 임의의 조회수 작성
INSERT INTO DB_VIEWS_DESTINATION(DATA_NO, USER_NO) VALUES (1, 110);
INSERT INTO DB_VIEWS_DESTINATION(DATA_NO, USER_NO) VALUES (61, 110);
INSERT INTO DB_VIEWS_DESTINATION(DATA_NO, USER_NO) VALUES (56, 110);
INSERT INTO DB_VIEWS_DESTINATION(DATA_NO, USER_NO) VALUES (214, 110);
INSERT INTO DB_VIEWS_DESTINATION(DATA_NO, USER_NO) VALUES (194, 110);
INSERT INTO DB_VIEWS_DESTINATION(DATA_NO, USER_NO) VALUES (157, 110);
INSERT INTO DB_VIEWS_DESTINATION(DATA_NO, USER_NO) VALUES (135, 110);
  
INSERT INTO DB_VIEWS_DESTINATION(DATA_NO, USER_NO) VALUES (61, 111);
INSERT INTO DB_VIEWS_DESTINATION(DATA_NO, USER_NO) VALUES (56, 111);
INSERT INTO DB_VIEWS_DESTINATION(DATA_NO, USER_NO) VALUES (214, 111);
INSERT INTO DB_VIEWS_DESTINATION(DATA_NO, USER_NO) VALUES (194, 111);
INSERT INTO DB_VIEWS_DESTINATION(DATA_NO, USER_NO) VALUES (157, 111);
INSERT INTO DB_VIEWS_DESTINATION(DATA_NO, USER_NO) VALUES (135, 111);

INSERT INTO DB_VIEWS_DESTINATION(DATA_NO, USER_NO) VALUES (61, 112);
INSERT INTO DB_VIEWS_DESTINATION(DATA_NO, USER_NO) VALUES (56, 112);
INSERT INTO DB_VIEWS_DESTINATION(DATA_NO, USER_NO) VALUES (214, 112);
INSERT INTO DB_VIEWS_DESTINATION(DATA_NO, USER_NO) VALUES (194, 112);
INSERT INTO DB_VIEWS_DESTINATION(DATA_NO, USER_NO) VALUES (157, 112);

INSERT INTO DB_VIEWS_DESTINATION(DATA_NO, USER_NO) VALUES (61, 113);
INSERT INTO DB_VIEWS_DESTINATION(DATA_NO, USER_NO) VALUES (56, 113);
INSERT INTO DB_VIEWS_DESTINATION(DATA_NO, USER_NO) VALUES (214, 113);
INSERT INTO DB_VIEWS_DESTINATION(DATA_NO, USER_NO) VALUES (194, 113);

INSERT INTO DB_VIEWS_DESTINATION(DATA_NO, USER_NO) VALUES (61, 114);
INSERT INTO DB_VIEWS_DESTINATION(DATA_NO, USER_NO) VALUES (56, 114);
INSERT INTO DB_VIEWS_DESTINATION(DATA_NO, USER_NO) VALUES (214, 114);

INSERT INTO DB_VIEWS_DESTINATION(DATA_NO, USER_NO) VALUES (61, 115);
INSERT INTO DB_VIEWS_DESTINATION(DATA_NO, USER_NO) VALUES (56, 115);

INSERT INTO DB_VIEWS_PLAN(DATA_NO, USER_NO) VALUES (226, 110);
INSERT INTO DB_VIEWS_PLAN(DATA_NO, USER_NO) VALUES (226, 111);
INSERT INTO DB_VIEWS_PLAN(DATA_NO, USER_NO) VALUES (226, 112);
INSERT INTO DB_VIEWS_PLAN(DATA_NO, USER_NO) VALUES (226, 113);
INSERT INTO DB_VIEWS_PLAN(DATA_NO, USER_NO) VALUES (226, 114);
INSERT INTO DB_VIEWS_PLAN(DATA_NO, USER_NO) VALUES (226, 115);
INSERT INTO DB_VIEWS_PLAN(DATA_NO, USER_NO) VALUES (226, 116);
  
INSERT INTO DB_VIEWS_PLAN(DATA_NO, USER_NO) VALUES (227, 110);
INSERT INTO DB_VIEWS_PLAN(DATA_NO, USER_NO) VALUES (227, 111);
INSERT INTO DB_VIEWS_PLAN(DATA_NO, USER_NO) VALUES (227, 112);
INSERT INTO DB_VIEWS_PLAN(DATA_NO, USER_NO) VALUES (227, 113);
INSERT INTO DB_VIEWS_PLAN(DATA_NO, USER_NO) VALUES (227, 114);
INSERT INTO DB_VIEWS_PLAN(DATA_NO, USER_NO) VALUES (227, 115);

INSERT INTO DB_VIEWS_PLAN(DATA_NO, USER_NO) VALUES (228, 110);
INSERT INTO DB_VIEWS_PLAN(DATA_NO, USER_NO) VALUES (228, 111);
INSERT INTO DB_VIEWS_PLAN(DATA_NO, USER_NO) VALUES (228, 112);
INSERT INTO DB_VIEWS_PLAN(DATA_NO, USER_NO) VALUES (228, 113);
INSERT INTO DB_VIEWS_PLAN(DATA_NO, USER_NO) VALUES (228, 114);

INSERT INTO DB_VIEWS_PLAN(DATA_NO, USER_NO) VALUES (229, 110);
INSERT INTO DB_VIEWS_PLAN(DATA_NO, USER_NO) VALUES (229, 111);
INSERT INTO DB_VIEWS_PLAN(DATA_NO, USER_NO) VALUES (229, 112);
INSERT INTO DB_VIEWS_PLAN(DATA_NO, USER_NO) VALUES (229, 113);

INSERT INTO DB_VIEWS_PLAN(DATA_NO, USER_NO) VALUES (230, 110);
INSERT INTO DB_VIEWS_PLAN(DATA_NO, USER_NO) VALUES (230, 111);
INSERT INTO DB_VIEWS_PLAN(DATA_NO, USER_NO) VALUES (230, 112);

INSERT INTO DB_VIEWS_PLAN(DATA_NO, USER_NO) VALUES (231, 110);
INSERT INTO DB_VIEWS_PLAN(DATA_NO, USER_NO) VALUES (231, 111);

COMMIT;

-- 자료 삽입 완료==========================================================




-- 시퀀스 정보 시퀀스 SQL입니다.
-- DB_REVIEW, DB_MESSAGE, DB_PLAN_COMMENTS 테이블에서 사용할 시퀀스
CREATE SEQUENCE MEMO_SEQ;
	START WITH 1001;
-- DB_DESTINATION 테이블에서 사용할 시퀀스 
CREATE SEQUENCE DEST_SEQ
	START WITH 226;
-- DB_PLAN, DB_PLAN_DETAILS 테이블에서 사용할 시퀀스 
CREATE SEQUENCE PLAN_SEQ
	START WITH 1001;
-- DB_USER 테이블에서 사용할 시퀀스 (관리자는 직접 번호룰 100번 이하로 정함, 사용자는 101이상으로)
CREATE SEQUENCE USER_SEQ
	START WITH 1001;

